PassengerId,Survived,Pclass,Sex,Fare,Embarked,Age,Hometown
1,0.0,3,male,7.25,S,22.0,"Bridgerule, Devon, England"
2,1.0,1,female,71.2833,C,35.0,"New York, New York, US"
3,1.0,3,female,7.925,S,26.0,"Jyväskylä, Finland"
4,1.0,1,female,53.1,S,35.0,"Scituate, Massachusetts, US"
5,0.0,3,male,8.05,S,35.0,"Birmingham, West Midlands, England"
6,0.0,3,male,8.4583,Q,22.0,"Cork, Ireland"
7,0.0,1,male,51.8625,S,54.0,"Dorchester, Massachusetts, US"
8,0.0,3,male,21.075,S,2.0,"Bjuv, Skåne, Sweden"
9,1.0,3,female,11.1333,S,26.0,"St. Charles, Illinois, US"
10,1.0,2,female,30.0708,C,14.0,"Zahlé, Lebanon, Ottoman Empire"
11,1.0,3,female,16.7,S,4.0,"Motala, Östergötland, Sweden"
12,1.0,1,female,26.55,S,61.0,"Youngstown, Ohio, US"
13,0.0,3,male,8.05,S,19.0,"St Austell, Cornwall, England"
14,0.0,3,male,31.275,S,39.0,"Kisa, Östergötland, Sweden"
15,0.0,3,female,7.8542,S,14.0,"Salmunds, Gotland, Sweden"
16,1.0,2,female,16.0,S,56.0,"Lucknow, British India, UK[note 3]"
17,0.0,3,male,29.125,Q,2.0,"Athlone, Westmeath, Ireland"
18,1.0,2,male,13.0,S,23.0,"Harrow, London, England"
19,0.0,3,female,18.0,S,31.0,"Pittem, Belgium"
20,1.0,3,female,7.225,C,22.0,"Tebnine, Lebanon"
21,0.0,2,male,26.0,S,35.0,"Liverpool, Merseyside, England, UK"
22,1.0,2,male,13.0,S,34.0,"London, England, UK"
23,1.0,3,female,8.0292,Q,16.0,"Massbrook, Mayo, Ireland"
24,1.0,1,male,35.5,S,28.0,"New Britain, Connecticut, US"
25,0.0,3,female,21.075,S,8.0,"Bjuv, Skåne, Sweden"
26,1.0,3,female,31.3875,S,38.0,"Alseda, Småland, Sweden"
27,0.0,3,male,7.225,C,25.0,"Hadath, Lebanon"
28,0.0,1,male,263.0,S,19.0,"Winnipeg, Manitoba, Canada"
29,1.0,3,female,7.8792,Q,25.0,"Limerick, Limerick, Ireland"
30,0.0,3,male,7.8958,S,23.0,"Unknown, Bulgaria"
31,0.0,1,male,27.7208,C,40.0,"Mexico City, Mexico"
32,1.0,1,female,146.5208,C,45.0,"New York, New York, US"
33,1.0,3,female,7.75,Q,19.0,"Killaloe, Clare, Ireland"
34,0.0,2,male,10.5,S,66.0,"Guernsey, Channel Islands"
35,0.0,1,male,82.1708,C,28.0,"New York, New York, US"
36,0.0,1,male,52.0,S,42.0,"New York, New York, US"
37,1.0,3,male,7.2292,C,20.0,"Tripoli, Lebanon"
38,0.0,3,male,8.05,S,21.0,"Penwithick, Cornwall, England"
39,0.0,3,female,18.0,S,18.0,"Zwevezele, Belgium"
40,1.0,3,female,11.2417,C,14.0,"El-Hakour, Lebanon"
41,0.0,3,female,9.475,S,40.0,"Göteborg, Västergötland, Sweden"
42,0.0,2,female,21.0,S,27.0,"Plymouth, Devon, England"
43,0.0,3,male,7.8958,C,,"Vetren, Bulgaria"
44,1.0,2,female,41.5792,C,3.0,"Paris, France"
45,1.0,3,female,7.8792,Q,19.0,"Kilmacowen, Sligo, Ireland"
46,0.0,3,male,8.05,S,29.0,"Pontardawe, West Glamorgan, Wales"
47,0.0,3,male,15.5,Q,20.0,"Ballymahon, Longford, Ireland"
48,1.0,3,female,7.75,Q,24.0,"Ballydehob, Cork, Ireland"
49,0.0,3,male,21.6792,C,16.0,"Hardîne, Lebanon"
50,0.0,3,female,17.8,S,18.0,"Altdorf, Uri, Switzerland"
51,0.0,3,male,39.6875,S,7.0,"Ylihärmä, South Ostrobothnia, Finland"
52,0.0,3,male,7.8,S,21.0,"Newton Abbot, Devon, England"
53,1.0,1,female,76.7292,C,49.0,"New York, New York, US"
54,1.0,2,female,26.0,S,29.0,"Manchester, England"
55,0.0,1,male,61.9792,C,64.0,"Providence, Rhode Island, US"
56,1.0,1,male,35.5,S,45.0,"London, England, UK"
57,1.0,2,female,10.5,S,21.0,"Guernsey, Channel Islands"
58,0.0,3,male,7.2292,C,20.0,"Kafr Mishki, Lebanon"
59,1.0,2,female,27.75,S,4.0,"Bournemouth, Dorset, England"
60,0.0,3,male,46.9,S,13.0,"Fulham, England"
61,0.0,3,male,7.2292,C,22.0,"Kiğı, Turkey"
62,1.0,1,female,80.0,,38.0,"New York, New York, US"
63,0.0,1,male,83.475,S,45.0,"New York, New York, US"
64,0.0,3,male,27.9,S,5.0,"Hällekis, Västergötland, Sweden"
65,0.0,1,male,27.7208,C,54.0,"Cincinnati, Ohio, US"
66,1.0,3,male,15.2458,C,7.0,"Hardîne, Lebanon"
67,1.0,2,female,10.5,S,29.0,"East Orange, New Jersey, US"
68,0.0,3,male,8.1583,S,19.0,"Bristol, Avon, England"
69,1.0,3,female,7.925,S,17.0,"Kullaa, Finland"
70,0.0,3,male,8.6625,S,26.0,"Zürich, Switzerland"
71,0.0,2,male,10.5,S,32.0,"St. Ives, Cornwall, England"
72,0.0,3,female,46.9,S,16.0,"Fulham, England"
73,0.0,2,male,73.5,S,21.0,"Fritham, Hampshire, England"
74,0.0,3,male,14.4542,C,26.0,"Agios Sostis, Peloponnese, Greece"
75,1.0,3,male,56.4958,S,32.0,"Hong Kong, China"
76,0.0,3,male,7.65,S,25.0,"Bergen, Norway"
77,0.0,3,male,7.8958,S,23.0,"Debnevo, Troyan, Bulgaria"
78,0.0,3,male,8.05,S,28.0,"London, England"
79,1.0,2,male,29.0,S,0.83,"Bangkok, Siam"
80,1.0,3,female,12.475,S,31.0,"New York City, New York, US"
81,0.0,3,male,9.0,S,22.0,"Ruiselede, West Flanders, Belgium"
82,1.0,3,male,9.5,S,29.0,"Haaltert, East Flanders, Belgium"
83,1.0,3,female,7.7875,Q,31.0,"Lahardane, Mayo, Ireland"
84,0.0,1,male,47.1,S,31.0,"Montevideo, Uruguay"
85,1.0,2,female,10.5,S,17.0,"Jersey, Channel Islands"
86,1.0,3,female,15.85,S,33.0,"Kotka, Finland"
87,0.0,3,male,34.375,S,16.0,"Rotherfield, East Sussex, England"
88,0.0,3,male,8.05,S,20.0,"London, England"
89,1.0,1,female,263.0,S,23.0,"Winnipeg, Manitoba, Canada"
90,0.0,3,male,8.05,S,24.0,"Milan[83], Italy"
91,0.0,3,male,8.05,S,29.0,"London, England"
92,0.0,3,male,7.8542,S,20.0,"Kalfsnäs, Småland, Sweden"
93,0.0,1,male,61.175,S,46.0,"Amenia, North Dakota, US"
94,0.0,3,male,20.575,S,25.0,"Bartley Farm, Hampshire, England"
95,0.0,3,male,7.25,S,59.0,"London, England"
96,0.0,3,male,8.05,S,22.0,"Heron's Ghyll, East Sussex, England"
97,0.0,1,male,34.6542,C,71.0,"New York, New York, US"
98,1.0,1,male,63.3583,C,23.0,"New York, New York, US"
99,1.0,2,female,23.0,S,34.0,"Southampton, Hampshire, England, UK"
100,0.0,2,male,26.0,S,34.0,"Vitebsk, Russian Empire"
101,0.0,3,female,7.8958,S,28.0,"Vagovina, Croatia"
102,0.0,3,male,7.8958,S,29.0,"Belish, Troyan, Bulgaria"
103,0.0,1,male,77.2875,S,21.0,"Brunswick, Maine, US"
104,0.0,3,male,8.6542,S,33.0,"Bäckebo, Småland, Sweden"
105,0.0,3,male,7.925,S,37.0,"Ruotsinpyhtää, Finland"
106,0.0,3,male,7.8958,S,28.0,"Gumostnik, Lovec, Bulgaria"
107,1.0,3,female,7.65,S,21.0,"Ålesund, Møre og Romsdal, Norway"
108,1.0,3,male,7.775,S,29.0,"Bergen, Norway"
109,0.0,3,male,7.8958,S,38.0,"Bosanska Krupa, Bosnia"
110,1.0,3,female,24.15,Q,28.0,"Askeaton, Limerick, Ireland"
111,0.0,1,male,52.0,S,46.0,"Worcester, Massachusetts, US"
112,0.0,3,female,14.4542,C,16.0,"Unknown, Syria"
113,0.0,3,male,8.05,S,22.0,"Cambridge, Cambridgeshire, England"
114,0.0,3,female,9.825,S,20.0,"Paavola, Northern Ostrobothnia, Finland"
115,0.0,3,female,14.4583,C,17.0,"Beirut, Lebanon"
116,0.0,3,male,7.925,S,21.0,"Heinola, Finland"
117,0.0,3,male,7.75,Q,61.0,"Charleville, Cork, Ireland"
118,0.0,2,male,21.0,S,29.0,"Plymouth, Devon, England"
119,0.0,1,male,247.5208,C,24.0,"Montreal, Quebec, Canada"
120,0.0,3,female,31.275,S,2.0,"Kisa, Östergötland, Sweden"
121,0.0,2,male,73.5,S,20.0,"Fritham, Hampshire, England"
122,0.0,3,male,8.05,S,19.0,"Kingston upon Thames, London, England"
123,0.0,2,male,30.0708,C,28.0,"Zahlé, Lebanon, Ottoman Empire[note 7]"
124,1.0,2,female,13.0,S,37.0,"Bude, Cornwall, England"
125,0.0,1,male,77.2875,S,54.0,"Brunswick, Maine, US"
126,1.0,3,male,11.2417,C,12.0,"El-Hakour, Lebanon"
127,0.0,3,male,7.75,Q,20.0,"Craghbrien, Clare, Ireland"
128,1.0,3,male,7.1417,S,24.0,"Trondheim, Norway"
129,1.0,3,female,22.3583,C,2.0,"Sar'al, Syria[81]"
130,0.0,3,male,6.975,S,45.0,"Effington Rut, South Dakota, US"
131,0.0,3,male,7.8958,C,33.0,"Hrastelnica, Croatia"
132,0.0,3,male,7.05,S,20.0,"Funchal, Madeira Islands, Portugal"
133,0.0,3,female,14.5,S,47.0,"St Austell, Cornwall, England"
134,1.0,2,female,26.0,S,37.0,"Bromsgrove, Worcestershire, England"
135,0.0,2,male,13.0,S,25.0,"Porthallow, Cornwall, England"
136,0.0,2,male,15.0458,C,23.0,"Paris, France"
137,1.0,1,female,26.2833,S,19.0,"New York, New York, US"
138,0.0,1,male,53.1,S,37.0,"Scituate, Massachusetts, US"
139,0.0,3,male,9.2167,S,16.0,"Hedesunda, Gävleborg, Sweden"
140,0.0,1,male,79.2,C,24.0,"Paris, France"
141,0.0,3,female,15.2458,C,40.0,"Unknown, Lebanon"
142,1.0,3,female,7.75,S,22.0,"Kisa, Östergötland, Sweden"
143,1.0,3,female,15.85,S,24.0,"Helsinki, Finland"
144,0.0,3,male,6.75,Q,19.0,"Glanmire, Cork, Ireland"
145,0.0,2,male,11.5,S,17.0,"San Ambrosio, Córdoba, Argentina"
146,0.0,2,male,36.75,S,19.0,"St. Ives, Cornwall, England"
147,1.0,3,male,7.7958,S,27.0,"Malmö, Skåne, Sweden"
148,0.0,3,female,34.375,S,7.0,"Rotherfield, East Sussex, England"
149,0.0,2,male,26.0,S,32.0,"Nice, France"
150,0.0,2,male,13.0,S,42.0,"London, England"
151,0.0,2,male,12.525,S,51.0,"Jacksonville, Florida, US"
152,1.0,1,female,66.6,S,22.0,"Isleworth, London, England, UK"
153,0.0,3,male,8.05,S,48.0,"Bournemouth, Dorset, England"
154,0.0,3,male,14.5,S,35.0,"London, England"
155,0.0,3,male,7.3125,S,27.0,"Sunnhordland, Norway"
156,0.0,1,male,61.3792,C,51.0,"Geneva, Switzerland"
157,1.0,3,female,7.7333,Q,17.0,"Esker, Longford, Ireland"
158,0.0,3,male,8.05,S,30.0,"London, England"
159,0.0,3,male,8.6625,S,37.0,"Pisac, Croatia"
160,0.0,3,male,69.55,S,4.0,"Peterborough, Cambridgeshire, England"
161,0.0,3,male,16.1,S,44.0,"Bournemouth, Dorset, England"
162,1.0,2,female,15.75,S,40.0,"Aberdeen, Aberdeenshire, Scotland"
163,0.0,3,male,7.775,S,26.0,"Fridhemsberg, Halland, Sweden"
164,0.0,3,male,8.6625,S,17.0,"Brezik, Croatia"
165,0.0,3,male,39.6875,S,1.0,"Ylihärmä, South Ostrobothnia, Finland"
166,1.0,3,male,20.525,S,9.0,"Strood, Kent, England"
167,1.0,1,female,55.0,S,48.0,"St Leonards-on-Sea, East Sussex, England, UK"
168,0.0,3,female,27.9,S,43.0,"Hällekis, Västergötland, Sweden"
169,0.0,1,male,25.925,S,60.0,"New York, New York, US"
170,0.0,3,male,56.4958,S,24.0,"Hong Kong, China"
171,0.0,1,male,33.5,S,61.0,"Brooklyn, New York, US"
172,0.0,3,male,29.125,Q,4.0,"Athlone, Westmeath, Ireland"
173,1.0,3,female,11.1333,S,1.0,"St. Charles, Illinois, US"
174,0.0,3,male,7.925,S,21.0,"Mountain Home, Idaho, US"
175,0.0,1,male,30.6958,C,56.0,"Paris, France"
176,0.0,3,male,7.8542,S,18.0,"Grimshut, Småland, Sweden"
177,0.0,3,male,25.4667,S,5.0,"Liévin, Pas-de-Calais, France"
178,0.0,1,female,28.7125,C,50.0,"Chicago, Illinois, US"
179,0.0,2,male,13.0,S,30.0,"Auburn, New York, US"
180,0.0,3,male,0.0,S,36.0,"New York City, New York, US"
181,0.0,3,female,69.55,S,7.0,"Peterborough, Cambridgeshire, England"
182,0.0,2,male,15.05,C,39.0,"Paris, France"
183,0.0,3,male,31.3875,S,9.0,"Alseda, Småland, Sweden"
184,1.0,2,male,39.0,S,1.0,"Guntur, Madras Province, British India"
185,1.0,3,female,22.025,S,4.0,"Zürich, Switzerland"
186,0.0,1,male,50.0,S,38.0,"Seattle, Washington, US"
187,1.0,3,female,15.5,Q,26.0,"Pallasgreen, Limerick, Ireland"
188,1.0,1,male,26.55,S,45.0,"New York, New York, US"
189,0.0,3,male,15.5,Q,42.0,"Carrowskehine, Mayo, Ireland"
190,0.0,3,male,7.8958,S,36.0,"Bratina, Croatia"
191,1.0,2,female,13.0,S,21.0,"Brooklyn, New York, US"
192,0.0,2,male,13.0,S,19.0,"St. Ives, Cornwall, England"
193,1.0,3,female,7.8542,S,19.0,"Eskilstrup, Denmark"
194,1.0,2,male,26.0,S,3.0,"Nice, France"
195,1.0,1,female,27.7208,C,44.0,"Denver, Colorado, US"
196,1.0,1,female,146.5208,C,59.0,"New York, New York, US"
197,0.0,3,male,7.75,Q,26.0,"Ballywilliam, Wexford, Ireland"
198,0.0,3,male,8.4042,S,42.0,"Trondheim, Norway"
199,1.0,3,female,7.75,Q,21.0,"Askeaton, Limerick, Ireland"
200,0.0,2,female,13.0,S,24.0,"Paris, France"
201,0.0,3,male,9.5,S,28.0,"Westrozebeke, Belgium"
202,0.0,3,male,69.55,S,16.0,"Peterborough, Cambridgeshire, England"
203,0.0,3,male,6.4958,S,34.0,"Munsala, Finland"
204,0.0,3,male,7.225,C,45.0,"Hardîne, Lebanon"
205,1.0,3,male,8.05,S,18.0,"London, England"
206,0.0,3,female,10.4625,S,2.0,"Indiana Harbor, Indiana, US"
207,0.0,3,male,15.85,S,32.0,"Kotka, Finland"
208,1.0,3,male,18.7875,C,26.0,"Fredericksburg, Virginia, US"
209,1.0,3,female,7.75,Q,16.0,"Corglass, Longford, Ireland"
210,1.0,1,male,31.0,C,39.0,"Glen Ridge, New Jersey, US"
211,0.0,3,male,7.05,S,24.0,"Buenos Aires, Argentina"
212,1.0,2,female,21.0,S,35.0,"London, England, UK"
213,0.0,3,male,7.25,S,22.0,"Holsworthy, Devon, England"
214,0.0,2,male,13.0,S,30.0,"Kølsen, Vorde Sogn, Denmark"
215,0.0,3,male,7.75,Q,22.0,"Aughnacliffe, Longford, Ireland"
216,1.0,1,female,113.275,C,31.0,"Lexington, Massachusetts, US"
217,1.0,3,female,7.925,S,27.0,"Saarijärvi, Finland"
218,0.0,2,male,27.0,S,40.0,"London, England"
219,1.0,1,female,76.2917,C,36.0,"Philadelphia, Pennsylvania, US"
220,0.0,2,male,10.5,S,30.0,"London, England"
221,1.0,3,male,8.05,S,20.0,"London, England"
222,0.0,2,male,13.0,S,29.0,"Lake Arthur, New Mexico, US"
223,0.0,3,male,8.05,S,40.0,"Dorking, Surrey, England"
224,0.0,3,male,7.8958,S,22.0,"Unknown, Bulgaria"
225,1.0,1,male,90.0,S,35.0,"New York, New York, US"
226,0.0,3,male,9.35,S,22.0,"Firtby, Finland"
227,1.0,2,male,10.5,S,19.0,"Chelsea, London, England"
228,0.0,3,male,7.25,S,20.0,"Northlew, Devon, England"
229,0.0,2,male,13.0,S,18.0,"Oslo, Norway"
230,0.0,3,female,25.4667,S,12.0,"Liévin, Pas-de-Calais, France"
231,1.0,1,female,83.475,S,35.0,"New York, New York, US"
232,0.0,3,male,7.775,S,29.0,"Nyköping, Södermanland, Sweden"
233,0.0,2,male,13.5,S,30.0,"Hjo, Västergötland, Sweden"
234,1.0,3,female,31.3875,S,5.0,"Alseda, Småland, Sweden"
235,0.0,2,male,10.5,S,25.0,"London, England"
236,0.0,3,female,7.55,S,21.0,"Thornton Heath, London, England"
237,0.0,2,male,26.0,S,44.0,"Porthoustock, Cornwall, England"
238,1.0,2,female,26.25,S,8.0,"Bishopstoke, Hampshire, England"
239,0.0,2,male,10.5,S,19.0,"Gunnislake, Cornwall, England"
240,0.0,2,male,12.275,S,33.0,"Philadelphia, Pennsylvania, US"
241,0.0,3,female,14.4542,C,19.0,"Unknown, Syria"
242,1.0,3,female,15.5,Q,18.0,"Aghnacliffe, Longford, Ireland"
243,0.0,2,male,10.5,S,29.0,"London, England"
244,0.0,3,male,7.125,S,22.0,"Kauhajoki, Finland"
245,0.0,3,male,7.225,C,30.0,"Ottawa, Ontario, Canada"
246,0.0,1,male,90.0,Q,44.0,"Fond du Lac, Wisconsin, US"
247,0.0,3,female,7.775,S,25.0,"Stockholm, Sweden"
248,1.0,2,female,14.5,S,24.0,"Detroit, Michigan, US"
249,1.0,1,male,52.5542,S,37.0,"New York, New York, US"
250,0.0,2,male,26.0,S,54.0,"London, England, UK"
251,0.0,3,male,7.25,S,19.0,"Penarth, Glamorgan, Wales"
252,0.0,3,female,10.4625,S,29.0,"Indiana Harbor, Indiana, US"
253,0.0,1,male,26.55,S,62.0,"London, England, UK"
254,0.0,3,male,16.1,S,30.0,"Scranton, Pennsylvania, US"
255,0.0,3,female,20.2125,S,41.0,"Suistamo, Finland"
256,1.0,3,female,15.2458,C,27.0,"Tibnin, Lebanon"
257,1.0,1,female,79.2,C,37.0,"New York, New York, US"
258,1.0,1,female,86.5,S,30.0,"London, England, UK"
259,1.0,1,female,512.3292,C,38.0,"Germantown, Pennsylvania, US"
260,1.0,2,female,26.0,S,60.0,"Woodford County, Kentucky, US"
261,0.0,3,male,7.75,Q,26.0,"Caltra, Galway, Ireland"
262,1.0,3,male,31.3875,S,3.0,"Alseda, Småland, Sweden"
263,0.0,1,male,79.65,S,52.0,"New York, New York, US"
264,0.0,1,male,0.0,S,45.0,"Wallasey, Merseyside, England, UK"
265,0.0,3,female,7.75,Q,23.0,"Clonown, Roscommon, Ireland"
266,0.0,2,male,10.5,S,36.0,"Slinfold, West Sussex, England"
267,0.0,3,male,39.6875,S,16.0,"Ylihärmä, South Ostrobothnia, Finland"
268,1.0,3,male,7.775,S,25.0,"Stockholm, Uppland, Sweden"
269,1.0,1,female,153.4625,S,59.0,"Greenwich, Connecticut, US"
270,1.0,1,female,135.6333,S,39.0,"New York, New York, US"
271,0.0,1,male,31.0,S,28.0,"Bryn Mawr, Pennsylvania, US"
272,1.0,3,male,0.0,S,25.0,"Sundbyberg, Sweden"
273,1.0,2,female,19.5,S,41.0,"Wimbledon, London, England"
274,0.0,1,male,29.7,C,36.0,"Brooklyn, New York, US"
275,1.0,3,female,7.75,Q,29.0,"Athenry, Galway, Ireland"
276,1.0,1,female,77.9583,S,62.0,"Hudson, New York, US"
277,0.0,3,female,7.75,S,45.0,"Stockholm, Sweden"
278,0.0,2,male,0.0,S,18.0,"Belfast, Ireland"
279,0.0,3,male,29.125,Q,7.0,"Athlone, Westmeath, Ireland"
280,1.0,3,female,20.25,S,39.0,"East Providence, Rhode Island, US"
281,0.0,3,male,7.75,Q,65.0,"Bunmahon, Waterford, Ireland"
282,0.0,3,male,7.8542,S,28.0,"Eslöv, Skåne, Sweden"
283,0.0,3,male,9.5,S,16.0,"Heldergem, Haaltert, East Flanders, Belgium"
284,1.0,3,male,8.05,S,18.0,"Liss, Hampshire, England"
285,0.0,1,male,26.0,S,57.0,"Streatham, London, England, UK"
286,0.0,3,male,8.6625,C,33.0,"Galdovo, Croatia"
287,1.0,3,male,9.5,S,36.0,"Aspelare, East Flanders, Belgium"
288,0.0,3,male,7.8958,S,22.0,"Gumostnik, Lovech, Bulgaria"
289,1.0,2,male,13.0,S,41.0,"Tokyo, Japan"
290,1.0,3,female,7.75,Q,22.0,"Cortrasna, Cavan, Ireland"
291,1.0,1,female,78.85,S,26.0,"London, England, UK"
292,1.0,1,female,91.0792,C,19.0,"Dowagiac, Michigan, US"
293,0.0,2,male,12.875,C,36.0,"Montreal, Quebec, Canada"
294,0.0,3,female,8.85,S,24.0,"Altdorf, Uri, Switzerland"
295,0.0,3,male,7.8958,S,24.0,"Unknown, Bulgaria"
296,0.0,1,male,27.7208,C,31.0,"Chicago, Illinois, US"
297,0.0,3,male,7.2292,C,35.0,"Kfar Mechi, Syria"
298,0.0,1,female,151.55,S,2.0,"Montreal, Quebec, Canada"
299,1.0,1,male,30.5,S,47.0,"Manchester, England, UK"
300,1.0,1,female,247.5208,C,50.0,"Montreal, Quebec, Canada"
301,1.0,3,female,7.75,Q,20.0,"Cuilmullagh, Mayo, Ireland"
302,1.0,3,male,23.25,Q,24.0,"Carrickatane, Tyrone, Ireland"
303,0.0,3,male,0.0,S,19.0,"Hawthorne, New Jersey, US"
304,1.0,2,female,12.35,Q,46.0,"Castleconnell, Limerick, Ireland[note 1]"
305,0.0,3,male,8.05,S,28.0,"Guernsey, Channel Islands, Channel Islands"
306,1.0,1,male,151.55,S,0.92,"Montreal, Quebec, Canada"
307,1.0,1,female,110.8833,C,42.0,"Haverford, Pennsylvania, US"
308,1.0,1,female,108.9,C,22.0,"Madrid, Spain"
309,0.0,2,male,24.0,C,30.0,Russia
310,1.0,1,female,56.9292,C,31.0,"London, England, UK"
311,1.0,1,female,83.1583,C,24.0,"New York, New York, US"
312,1.0,1,female,262.375,C,18.0,"Cooperstown, New York, US"
313,0.0,2,female,26.0,S,26.0,"Minneapolis, Minnesota, US"
314,0.0,3,male,7.8958,S,28.0,"Vagovina, Croatia"
315,0.0,2,male,26.25,S,47.0,"Ilford, Essex, England"
316,1.0,3,female,7.8542,S,26.0,"Ramkvilla, Småland, Sweden"
317,1.0,2,female,26.0,S,24.0,"Vitebsk, Russian Empire"
318,0.0,2,male,14.0,S,54.0,"Frankfort, Kentucky, US"
319,1.0,1,female,164.8667,S,31.0,"Youngstown, Ohio, US"
320,1.0,1,female,134.5,C,39.0,"Tuxedo Park, New York, US"
321,0.0,3,male,7.25,S,22.0,"Week St Mary, Cornwall, England"
322,0.0,3,male,7.8958,S,27.0,"Unknown, Bulgaria"
323,1.0,2,female,12.35,Q,30.0,"Halifax, Nova Scotia, Canada"
324,1.0,2,female,29.0,S,28.0,"Bangkok, Siam"
325,0.0,3,male,69.55,S,19.0,"Peterborough, Cambridgeshire, England"
326,1.0,1,female,135.6333,C,36.0,"New York, New York, US"
327,0.0,3,male,6.2375,S,61.0,"Øyer, Norway"
328,1.0,2,female,13.0,S,36.0,"Bristol, Avon, England"
329,1.0,3,female,20.525,S,31.0,"Strood, Kent, England"
330,1.0,1,female,57.9792,C,17.0,"Chicago, Illinois, US"
331,1.0,3,female,23.25,Q,29.0,"Carrickatane, Tyrone, Ireland"
332,0.0,1,male,28.5,S,40.0,"Tolworth, London, England, UK"
333,0.0,1,male,153.4625,S,38.0,"Winnipeg, Manitoba, Canada"
334,0.0,3,male,18.0,S,15.0,"Zwevezele, Belgium"
335,1.0,1,female,133.65,S,42.0,"London, England, UK"
336,0.0,3,male,7.8958,S,30.0,"Unknown, Bulgaria"
337,0.0,1,male,66.6,S,29.0,"Isleworth, London, England, UK"
338,1.0,1,female,134.5,C,41.0,"Tuxedo Park, New York, US"
339,1.0,3,male,8.05,S,45.0,"Adelaide, South Australia, Australia"
340,0.0,1,male,35.5,S,45.0,"Trenton, New Jersey, US"
341,1.0,2,male,26.0,S,2.0,"Nice, France"
342,1.0,1,female,263.0,S,24.0,"Winnipeg, Manitoba, Canada"
343,0.0,2,male,13.0,S,27.0,"Helsinki, Finland, Russian Empire[note 6]"
344,0.0,2,male,13.0,S,25.0,"Liverpool, Merseyside, England"
345,0.0,2,male,13.0,S,38.0,"Rochester, New York, US"
346,1.0,2,female,13.0,S,18.0,"London, England, UK"
347,1.0,2,female,13.0,S,39.0,"Basingstoke, Hampshire, England"
348,1.0,3,female,16.1,S,,
349,1.0,3,male,15.9,S,9.0,"London, England"
350,0.0,3,male,8.6625,S,42.0,"Ostrovica, Croatia"
351,0.0,3,male,9.225,S,23.0,"Örsjö, Kalmar, Sweden"
352,0.0,1,male,35.0,S,43.0,"London, England, UK"
353,0.0,3,male,7.2292,C,17.0,"Kafr Mishki, Lebanon"
354,0.0,3,male,17.8,S,25.0,"Altdorf, Uri, Switzerland"
355,0.0,3,male,7.225,C,25.0,"Tebnin, Lebanon"
356,0.0,3,male,9.5,S,28.0,"Haaltert, Belgium"
357,1.0,1,female,55.0,S,22.0,"St Leonards-on-Sea, East Sussex, England, UK"
358,0.0,2,female,13.0,S,38.0,"Janjgir-Champa, British India, UK[note 3]"
359,1.0,3,female,7.8792,Q,22.0,"Corlough, Cavan, Ireland"
360,1.0,3,female,7.8792,Q,23.0,"Currafarry, Galway, Ireland"
361,0.0,3,male,27.9,S,40.0,"Hällekis, Västergötland, Sweden"
362,0.0,2,male,27.7208,C,29.0,"Montecarlo, Lucca, Tuscany, Italy"
363,0.0,3,female,14.4542,C,45.0,"Kafr Mishki, Lebanon"
364,0.0,3,male,7.05,S,35.0,"Buenos Aires, Argentina"
365,0.0,3,male,15.5,Q,27.0,"Pallasgreen, Limerick, Ireland"
366,0.0,3,male,7.25,S,30.0,"Asarum, Småland, Sweden"
367,1.0,1,female,75.25,C,60.0,"Portland, Oregon, US"
368,1.0,3,female,7.2292,C,35.0,"Hardîne, Lebanon"
369,1.0,3,female,7.75,Q,26.0,"Ballydehob, Cork, Ireland"
370,1.0,1,female,69.3,C,24.0,"Paris, France"
371,1.0,1,male,55.4417,C,25.0,"New York, New York, US"
372,0.0,3,male,6.4958,S,18.0,"Vaasa, Finland"
373,0.0,3,male,8.05,S,18.0,"Fillingham, Lincolnshire, England"
374,0.0,1,male,135.6333,C,22.0,"New York, New York, US"
375,0.0,3,female,21.075,S,3.0,"Bjuv, Skåne, Sweden"
376,1.0,1,female,82.1708,C,25.0,"New York, New York, US"
377,1.0,3,female,7.25,S,22.0,"Karlshamn, Blekinge, Sweden"
378,0.0,1,male,211.5,C,27.0,"Philadelphia, Pennsylvania, US"
379,0.0,3,male,4.0125,C,20.0,"Zgharta, Lebanon"
380,0.0,3,male,7.775,S,19.0,"Myren, Synnerby, Västergötland, Sweden"
381,1.0,1,female,227.525,C,46.0,"New York, New York, US"
382,1.0,3,female,15.7417,C,1.0,"Zgharta, Lebanon"
383,0.0,3,male,7.925,S,32.0,"Pielavesi, Finland"
384,1.0,1,female,52.0,S,35.0,"New York, New York, US"
385,0.0,3,male,7.8958,S,27.0,"Unknown, Bulgaria"
386,0.0,2,male,73.5,S,21.0,"Lyndhurst, Hampshire, England"
387,0.0,3,male,46.9,S,1.0,"Fulham, England"
388,1.0,2,female,13.0,S,36.0,"Sittingbourne, Kent, England"
389,0.0,3,male,7.7292,Q,20.0,"Mohill, Leitrim, Ireland"
390,1.0,2,female,12.0,C,17.0,"Lotzwil, Switzerland"
391,1.0,1,male,120.0,S,36.0,"Bryn Mawr, Pennsylvania, US"
392,1.0,3,male,7.7958,S,21.0,"Örebro, Sweden"
393,0.0,3,male,7.925,S,28.0,"Ruotsinpyhtää, Finland"
394,1.0,1,female,113.275,C,23.0,"Lexington, Massachusetts, US"
395,1.0,3,female,16.7,S,24.0,"Motala, Östergötland, Sweden"
396,0.0,3,male,7.7958,S,22.0,"Frostensmåla, Småland, Sweden"
397,0.0,3,female,7.8542,S,31.0,"Södra Brantevik, Sweden"
398,0.0,2,male,26.0,S,46.0,"Guernsey, Channel Islands"
399,0.0,2,male,10.5,S,23.0,"Hamilton, Ontario, Canada"
400,1.0,2,female,12.65,S,26.0,"Columbus, Ohio, US"
401,1.0,3,male,7.925,S,39.0,"Kivijärvi, Finland"
402,0.0,3,male,8.05,S,26.0,"Bournemouth, Dorset, England"
403,0.0,3,female,9.825,S,21.0,"Paavola, Northern Ostrobothnia, Finland"
404,0.0,3,male,15.85,S,28.0,"Helsinki, Finland"
405,0.0,3,female,8.6625,S,20.0,"Konjsko Brdo, Croatia"
406,0.0,2,male,21.0,S,33.0,"Harrowbarrow, Cornwall, England"
407,0.0,3,male,7.75,S,51.0,"Algutsrum, Kalmar, Sweden"
408,1.0,2,male,18.75,S,3.0,"Penzance, Cornwall, England"
409,0.0,3,male,7.775,S,21.0,"Bremnes, Norway"
410,0.0,3,female,25.4667,S,3.0,"Liévin, Pas-de-Calais, France"
411,0.0,3,male,7.8958,S,42.0,"Unknown, Bulgaria"
412,0.0,3,male,6.8583,Q,27.0,"Ballysadare, Sligo, Ireland"
413,1.0,1,female,90.0,Q,33.0,"Fond du Lac, Wisconsin, US"
414,0.0,2,male,0.0,S,21.0,"Belfast, Ireland"
415,1.0,3,male,7.925,S,44.0,"Munsala, Finland"
416,0.0,3,female,8.05,S,31.0,"Penarth, Glamorgan, Wales"
417,1.0,2,female,32.5,S,34.0,"Greenport, New York, US"
418,1.0,2,female,13.0,S,17.0,"Tornio, Finland, Russian Empire[note 6]"
419,0.0,2,male,13.0,S,30.0,"St Austell, Cornwall, England"
420,0.0,3,female,24.15,S,10.0,"Kerksken, Belgium"
421,0.0,3,male,7.8958,C,,"Unknown, Bulgaria"
422,0.0,3,male,7.7333,Q,28.0,"Ballinalee, Longford, Ireland"
423,0.0,3,male,7.875,S,29.0,"Todtmoos, Germany"
424,0.0,3,female,14.4,S,28.0,"Göteborg, Västergötland, Sweden"
425,0.0,3,male,20.2125,S,18.0,"Suistamo, Finland"
426,0.0,3,male,7.25,S,54.0,"London, England"
427,1.0,2,female,26.0,S,28.0,"Netley Abbey, Hampshire, England"
428,1.0,2,female,26.0,S,19.0,"Birmingham, Worcester, England"
429,0.0,3,male,7.75,Q,28.0,"Cuilkillew, Mayo, Ireland"
430,1.0,3,male,8.05,S,32.0,"Warsaw, Poland"
431,1.0,1,male,26.55,S,28.0,"Stockholm, Sweden"
432,1.0,3,female,16.1,S,32.0,"Maidstone, Kent, England"
433,1.0,2,female,26.0,S,42.0,"Weston-super-Mare, North Somerset, England"
434,0.0,3,male,7.125,S,17.0,"Kauhajoki, Finland"
435,0.0,1,male,55.9,S,50.0,"Duluth, Minnesota, US"
436,1.0,1,female,120.0,S,13.0,"Bryn Mawr, Pennsylvania, US"
437,0.0,3,female,34.375,S,20.0,"Rotherfield, East Sussex, England"
438,1.0,2,female,18.75,S,23.0,"Penzance, Cornwall, England"
439,0.0,1,male,263.0,S,64.0,"Winnipeg, Manitoba, Canada"
440,0.0,2,male,10.5,S,31.0,"Trollhättan, Västergötland, Sweden"
441,1.0,2,female,26.25,S,48.0,"Ilford, Essex, England"
442,0.0,3,male,9.5,S,19.0,"Westrozebeke, Belgium"
443,0.0,3,male,7.775,S,25.0,"Västermo, Södermanland, Sweden"
444,1.0,2,female,13.0,S,28.0,"Marbella, Spain"
445,1.0,3,male,8.1125,S,29.0,"Avaldsnes, Stavanger, Norway"
446,1.0,1,male,81.8583,S,4.0,"San Francisco, California, US"
447,1.0,2,female,19.5,S,13.0,"Wimbledon, London, England"
448,1.0,1,male,26.55,S,34.0,"New York, New York, US"
449,1.0,3,female,19.2583,C,5.0,"Ḑuhūr ash Shuwayr, Lebanon"
450,1.0,1,male,30.5,S,52.0,"Toronto, Ontario, Canada"
451,0.0,2,male,27.75,S,36.0,"Bournemouth, Dorset, England"
452,0.0,3,male,19.9667,S,28.0,"Skaare, Haugesund, Norway"
453,0.0,1,male,27.75,C,30.0,"New York, New York, US"
454,1.0,1,male,89.1042,C,47.0,"Paris, France"
455,0.0,3,male,8.05,S,24.0,"London, England"
456,1.0,3,male,7.8958,C,29.0,"Topolovac, Croatia"
457,0.0,1,male,26.55,S,65.0,"East Bridgewater, Massachusetts, US"
458,1.0,1,female,51.8625,S,31.0,"Pittsburgh, Pennsylvania, US"
459,1.0,2,female,10.5,S,48.0,"Indianapolis, Indiana, US"
460,0.0,3,male,7.75,Q,16.0,"Boherbue, Cork, Ireland"
461,1.0,1,male,26.55,S,47.0,"New York, New York, US"
462,0.0,3,male,8.05,S,34.0,"Petworth, West Sussex, England"
463,0.0,1,male,38.5,S,47.0,"St Annes-on-Sea, Lancashire, England, UK"
464,0.0,2,male,13.0,S,48.0,"Odense, Denmark"
465,0.0,3,male,8.05,S,34.0,"London, England"
466,0.0,3,male,7.05,S,37.0,"Calheta, Madeira, Portugal"
467,0.0,2,male,0.0,S,21.0,"Belfast, Ireland"
468,0.0,1,male,26.55,S,56.0,"Kildale, North Yorkshire, England, UK"
469,0.0,3,male,7.725,Q,22.0,"Rathkeale, Limerick, Ireland"
470,1.0,3,female,19.2583,C,0.75,"Ḑuhūr ash Shuwayr, Lebanon"
471,0.0,3,male,7.25,S,39.0,"Rahway, New Jersey, US"
472,0.0,3,male,8.6625,S,38.0,"Široka Kula, Croatia"
473,1.0,2,female,27.75,S,33.0,"Bournemouth, Dorset, England"
474,1.0,2,female,13.7917,C,23.0,New York City
475,0.0,3,female,9.8375,S,22.0,"Turku, Finland"
476,0.0,1,male,52.0,S,40.0,"Stoughton, Massachusetts, US"
477,0.0,2,male,21.0,S,33.0,"Elizabeth, New Jersey, US"
478,0.0,3,male,7.0458,S,29.0,"Bridgerule, Devon, England"
479,0.0,3,male,7.5208,S,22.0,"Örebro, Sweden"
480,1.0,3,female,12.2875,S,2.0,"Taalintehdas, Finland"
481,0.0,3,male,46.9,S,10.0,"Fulham, England"
482,0.0,2,male,0.0,S,37.0,"Belfast, Northern Ireland, UK"
483,0.0,3,male,8.05,S,50.0,"Sittingbourne, Kent, England"
484,1.0,3,female,9.5875,S,63.0,"Jalasjärvi, Southern Ostrobothnia, Finland"
485,1.0,1,male,91.0792,C,25.0,"Dowagiac, Michigan, US"
486,0.0,3,female,25.4667,S,8.0,"Liévin, Pas-de-Calais, France"
487,1.0,1,female,90.0,S,31.0,"New York, New York, US"
488,0.0,1,male,29.7,C,58.0,"Buffalo, New York, US"
489,0.0,3,male,8.05,S,30.0,"Greatfield, Cheltenham, England"
490,1.0,3,male,15.9,S,3.0,"London, England"
491,0.0,3,male,19.9667,S,19.0,"Skaare, Haugesund, Norway"
492,0.0,3,male,7.25,S,21.0,"Cape Town, South Africa"
493,0.0,1,male,30.5,S,55.0,"Montreal, Quebec, Canada"
494,0.0,1,male,49.5042,C,71.0,"Buenos Aires, Argentina"
495,0.0,3,male,8.05,S,21.0,"Swanage, England"
496,0.0,3,male,14.4583,C,26.0,"Hardîne, Lebanon"
497,1.0,1,female,78.2667,C,54.0,"Brookline, Massachusetts, US"
498,0.0,3,male,15.1,S,55.0,"Bristol, Avon, England"
499,0.0,1,female,151.55,S,25.0,"Montreal, Quebec, Canada"
500,0.0,3,male,7.7958,S,24.0,"Björkeberga, Skåne, Sweden"
501,0.0,3,male,8.6625,S,17.0,"Brezik, Croatia"
502,0.0,3,female,7.75,Q,22.0,"Tonacrick, Clare, Ireland"
503,0.0,3,female,7.6292,Q,21.0,"Glenduff, Kerry, Ireland"
504,0.0,3,female,9.5875,S,37.0,"Helsinki, Finland"
505,1.0,1,female,86.5,S,20.0,"Vancouver, British Columbia, Canada"
506,0.0,1,male,108.9,C,24.0,"Madrid, Spain"
507,1.0,2,female,26.0,S,33.0,"Plymouth, Devon, England"
508,1.0,1,male,26.55,S,37.0,"Los Angeles, California, US"
509,0.0,3,male,22.525,S,28.0,"Bergen, Norway"
510,1.0,3,male,56.4958,S,26.0,"Hong Kong, China"
511,1.0,3,male,7.75,Q,29.0,"Athlone, Westmeath, Ireland"
512,0.0,3,male,8.05,S,66.0,"San Francisco, US"
513,1.0,1,male,26.2875,S,35.0,"Philadelphia, Pennsylvania, US"
514,1.0,1,female,59.4,C,54.0,"New York, New York, US"
515,0.0,3,male,7.4958,S,24.0,"Debnevo, Troyan, Bulgaria"
516,0.0,1,male,34.0208,S,48.0,"East Orange, New Jersey, US"
517,1.0,2,female,10.5,S,34.0,"Chicago, Illinois, US"
518,0.0,3,male,24.15,Q,29.0,"Askeaton, Limerick, Ireland"
519,1.0,2,female,26.0,S,36.0,"Warwick, Warwickshire, England"
520,0.0,3,male,7.8958,S,32.0,"Vagovina, Croatia"
521,1.0,1,female,93.5,S,33.0,"Montreal, Quebec, Canada"
522,0.0,3,male,7.8958,S,21.0,"Jesenice, Slovenia"
523,0.0,3,male,7.225,C,30.0,"Zgharta, Lebanon"
524,1.0,1,female,57.9792,C,44.0,"Chicago, Illinois, US"
525,0.0,3,male,7.2292,C,18.0,"Shana, Lebanon"
526,0.0,3,male,7.75,Q,25.0,"Killoe, Longford, Ireland"
527,1.0,2,female,10.5,S,50.0,"London, England"
528,0.0,1,male,221.7792,S,57.0,"New York, New York, US"
529,0.0,3,male,7.925,S,39.0,"Aberdeen, Washington, US"
530,0.0,2,male,11.5,S,23.0,"Akron, Ohio, US"
531,1.0,2,female,26.0,S,2.0,"Plymouth, Devon, England"
532,0.0,3,male,7.2292,C,17.0,"Hardîne, Lebanon"
533,0.0,3,male,7.2292,C,15.0,"Kafr Mishki, Lebanon"
534,1.0,3,female,22.3583,C,24.0,"Sar'al, Syria"
535,0.0,3,female,8.6625,S,30.0,"Široka Kula, Croatia"
536,1.0,2,female,26.25,S,7.0,"Ilford, Essex, England"
537,0.0,1,male,26.55,S,46.0,"Washington, DC, US"
538,1.0,1,female,106.425,C,27.0,"Minneapolis, Minnesota, US"
539,0.0,3,male,14.5,S,69.0,"Deal, Kent, England"
540,1.0,1,female,49.5,C,22.0,"Zürich, Switzerland"
541,1.0,1,female,71.0,S,39.0,"Milwaukee, Wisconsin, US"
542,0.0,3,female,31.275,S,9.0,"Kisa, Östergötland, Sweden"
543,0.0,3,female,31.275,S,11.0,"Kisa, Östergötland, Sweden"
544,1.0,2,male,26.0,S,32.0,New York City
545,0.0,1,male,106.425,C,50.0,"Minneapolis, Minnesota, US"
546,0.0,1,male,26.0,S,64.0,"Shanklin, Isle of Wight, England, UK"
547,1.0,2,female,26.0,S,19.0,"Norwich, Norfolk, England"
548,1.0,2,male,13.8625,C,26.0,"Barcelona, Catalonia, Spain"
549,0.0,3,male,20.525,S,33.0,"Strood, Kent, England"
550,1.0,2,male,36.75,S,8.0,"St. Ives, Cornwall, England, UK"
551,1.0,1,male,110.8833,C,17.0,"Haverford, Pennsylvania, US"
552,0.0,2,male,26.0,S,27.0,"London, England, UK"
553,0.0,3,male,7.8292,Q,21.0,"Drimoleague, Cork, Ireland"
554,1.0,3,male,7.225,C,22.0,"Toula, Lebanon"
555,1.0,3,female,7.775,S,22.0,"Mariestad, Västergötland, Sweden"
556,0.0,1,male,26.55,S,62.0,"Halifax, Nova Scotia, Canada"
557,1.0,1,female,39.6,C,48.0,"London, England, UK"
558,0.0,1,male,227.525,C,,
559,1.0,1,female,79.65,S,39.0,"New York, New York, US"
560,1.0,3,female,17.4,S,36.0,"Tampico, Montana, US"
561,0.0,3,male,7.75,Q,30.0,"Rathfriland, Down, Ireland"
562,0.0,3,male,7.8958,S,40.0,"Bosanska Krupa, Bosnia"
563,0.0,2,male,13.5,S,28.0,"Glasgow, Scotland"
564,0.0,3,male,8.05,S,39.0,"Leigh, Kent, England"
565,0.0,3,female,8.05,S,63.0,"Eastbourne, East Sussex, England"
566,0.0,3,male,24.15,S,24.0,"West Bromwich, Staffordshire, England"
567,0.0,3,male,7.8958,S,19.0,"Gumostnik, Lovec, Bulgaria"
568,0.0,3,female,21.075,S,29.0,"Bjuv, Skåne, Sweden"
569,0.0,3,male,7.2292,C,28.0,"Beirut, Lebanon"
570,1.0,3,male,7.8542,S,32.0,"Kalfsnäs, Småland, Sweden"
571,1.0,2,male,10.5,S,62.0,"London, England"
572,1.0,1,female,51.4792,S,53.0,"New York, New York, US"
573,1.0,1,male,26.3875,S,36.0,"Brooklyn, New York, US"
574,1.0,3,female,7.75,Q,22.0,"Castlepollard, Westmeath, Ireland"
575,0.0,3,male,8.05,S,16.0,"Strood, Kent, England"
576,0.0,3,male,14.5,S,19.0,"Wollaston, Northamptonshire, England"
577,1.0,2,female,13.0,S,34.0,"Liverpool, Merseyside, England"
578,1.0,1,female,55.9,S,39.0,"Duluth, Minnesota, US"
579,0.0,3,female,14.4583,C,18.0,"Kfar Mechi, Syria"
580,1.0,3,male,7.925,S,32.0,"Elimäki, Finland"
581,1.0,2,female,30.0,S,25.0,"London, England, UK"
582,1.0,1,female,110.8833,C,39.0,"Haverford, Pennsylvania, US"
583,0.0,2,male,26.0,S,55.0,"Rochester, New York, US"
584,0.0,1,male,40.125,C,36.0,"Winnipeg, Manitoba, Canada"
585,0.0,3,male,8.7125,C,16.0,"Unknown, Unknown"
586,1.0,1,female,79.65,S,18.0,"New York, New York, US"
587,0.0,2,male,15.0,S,47.0,"Stoneygate, Leicestershire, England"
588,1.0,1,male,79.2,C,60.0,"Zürich, Switzerland"
589,0.0,3,male,8.05,S,22.0,"Abercynon, Glamorgan, Wales"
590,0.0,3,male,8.05,S,22.0,"London, England"
591,0.0,3,male,7.125,S,35.0,"Kyyny, Finland"
592,1.0,1,female,78.2667,C,52.0,"Paris, France"
593,0.0,3,male,7.25,S,47.0,"Taunton, Somerset, England"
594,0.0,3,female,7.75,Q,40.0,"Carrowskehine, Mayo, Ireland"
595,0.0,2,male,26.0,S,36.0,"Liskeard, Cornwall, England"
596,0.0,3,male,24.15,S,36.0,"Kerksken, Belgium"
597,1.0,2,female,33.0,S,31.0,"London, England"
598,0.0,3,male,0.0,S,49.0,"Millwood, England"
599,0.0,3,male,7.225,C,18.0,"Kfar Mechi, Syria"
600,1.0,1,male,56.9292,C,49.0,"London, England, UK"
601,1.0,2,female,27.0,S,24.0,"London, England"
602,0.0,3,male,7.8958,S,42.0,"Unknown, Bulgaria"
603,0.0,1,male,42.4,S,37.0,"Washington, DC, US"
604,0.0,3,male,8.05,S,44.0,"Unknown, Germany"
605,1.0,1,male,26.55,C,40.0,"Indianapolis, Indiana, US"
606,0.0,3,male,15.55,S,36.0,"Helsingborg, Skåne, Sweden"
607,0.0,3,male,7.8958,S,30.0,"Vagovina, Croatia"
608,1.0,1,male,30.5,S,27.0,"Philadelphia, Pennsylvania, US"
609,1.0,2,female,41.5792,C,22.0,"Paris, France"
610,1.0,1,female,153.4625,S,40.0,"Greenwich, Connecticut, US"
611,0.0,3,female,31.275,S,39.0,"Kisa, Östergötland, Sweden"
612,0.0,3,male,7.05,S,21.0,"Calheta, Madeira, Portugal"
613,1.0,3,female,15.5,Q,25.0,"Fostragh, Longford, Ireland"
614,0.0,3,male,7.75,Q,22.0,"Unknown, Ireland"
615,0.0,3,male,8.05,S,35.0,"Broomfield, Essex, England"
616,1.0,2,female,65.0,S,24.0,"Yeovil, Somerset, England"
617,0.0,3,male,14.4,S,34.0,"Göteborg, Västergötland, Sweden"
618,0.0,3,female,16.1,S,26.0,"Scranton, Pennsylvania, US"
619,1.0,2,female,39.0,S,4.0,"Guntur, Madras Province, British India"
620,0.0,2,male,10.5,S,26.0,"Guernsey, Channel Islands"
621,0.0,3,male,14.4542,C,27.0,"Unknown, Lebanon"
622,1.0,1,male,52.5542,S,42.0,"Boston, Massachusetts, US"
623,1.0,3,male,15.7417,C,20.0,"Zgharta, Lebanon"
624,0.0,3,male,7.8542,S,21.0,"Copenhagen, Denmark"
625,0.0,3,male,16.1,S,20.0,"Treherbert, Glamorgan, Wales"
626,0.0,1,male,32.3208,S,61.0,"Haddonfield, New Jersey, US"
627,0.0,2,male,12.35,Q,52.0,"Glasgow, Scotland"
628,1.0,1,female,77.9583,S,21.0,"Hudson, New York, US"
629,0.0,3,male,7.8958,S,26.0,"Unknown, Bulgaria"
630,0.0,3,male,7.7333,Q,17.0,"Kingwilliamstown, Cork, Ireland"
631,1.0,1,male,30.0,S,47.0,"Hessle, East Yorkshire, England, UK"
632,0.0,3,male,7.0542,S,51.0,"Fyrnan, Småland, Sweden"
633,1.0,1,male,30.5,C,32.0,"Basel, Switzerland"
634,0.0,1,male,0.0,S,29.0,"Belfast, Ireland, UK"
635,0.0,3,female,27.9,S,9.0,"Hällekis, Västergötland, Sweden"
636,1.0,2,female,13.0,S,28.0,"London, England, UK"
637,0.0,3,male,7.925,S,32.0,"Valitaipale, Finland"
638,0.0,2,male,26.25,S,31.0,"Bishopstoke, Hampshire, England"
639,0.0,3,female,39.6875,S,41.0,"Ylihärmä, South Ostrobothnia, Finland"
640,0.0,3,male,16.1,S,36.0,"Maidstone, Kent, England"
641,0.0,3,male,7.8542,S,20.0,"Eskilstrup, Denmark"
642,1.0,1,female,69.3,C,24.0,"Paris, France"
643,0.0,3,female,27.9,S,2.0,"Hällekis, Västergötland, Sweden"
644,1.0,3,male,56.4958,S,32.0,"Hong Kong, China"
645,1.0,3,female,19.2583,C,4.0,"Ḑuhūr ash Shuwayr, Lebanon"
646,1.0,1,male,76.7292,C,48.0,"New York, New York, US"
647,0.0,3,male,7.8958,S,19.0,"Kricina, Croatia"
648,1.0,1,male,35.5,C,56.0,"Basel, Switzerland"
649,0.0,3,male,7.55,S,18.0,"Market Drayton, Shropshire, England"
650,1.0,3,female,7.55,S,24.0,"Wallingford, Oxfordshire, England"
651,0.0,3,male,7.8958,S,23.0,"Unknown, Bulgaria"
652,1.0,2,female,23.0,S,19.0,"Southampton, Hampshire, England, UK"
653,0.0,3,male,8.4333,S,21.0,"Etnesjøen, Hordaland Fylke, Norway"
654,1.0,3,female,7.8292,Q,16.0,"Kingwilliamstown, Cork, Ireland"
655,0.0,3,female,6.75,Q,18.0,"Whitechurch, Cork, Ireland"
656,0.0,2,male,73.5,S,24.0,"Fritham, Hampshire, England"
657,0.0,3,male,7.8958,S,27.0,"Unknown, Bulgaria"
658,0.0,3,female,15.5,Q,32.0,"Carrowskehine, Mayo, Ireland"
659,0.0,2,male,13.0,S,23.0,"London, England, UK"
660,0.0,1,male,113.275,C,58.0,"Lexington, Massachusetts, US"
661,1.0,1,male,133.65,S,49.0,"London, England, UK"
662,0.0,3,male,7.225,C,40.0,"Tripoli, Lebanon"
663,0.0,1,male,25.5875,S,37.0,"Dublin, Ireland, UK[note 1]"
664,0.0,3,male,7.4958,S,36.0,"Gumostnik, Lovec, Bulgaria"
665,1.0,3,male,7.925,S,20.0,"Taalintehdas, Finland"
666,0.0,2,male,73.5,S,30.0,"Fritham, Hampshire, England"
667,0.0,2,male,13.0,S,25.0,"Southsea, Hampshire, England"
668,0.0,3,male,7.775,S,49.0,"Hogstad, Norway"
669,0.0,3,male,8.05,S,43.0,"Unknown (Estonia?), Russia (Estonia?)"
670,1.0,1,female,52.0,S,48.0,"London, England, UK"
671,1.0,2,female,39.0,S,40.0,"Cape Town, South Africa, UK"
672,0.0,1,male,52.0,S,31.0,"Montreal, Quebec, Canada"
673,0.0,2,male,10.5,S,71.0,"Guernsey, Channel Islands"
674,1.0,2,male,13.0,S,32.0,"London, England"
675,0.0,2,male,0.0,S,15.0,"Belfast, Northern Ireland, UK"
676,0.0,3,male,7.775,S,18.0,"Tofta, Uppland, Sweden"
677,0.0,3,male,8.05,S,33.0,"Basingstoke, Hampshire, England"
678,1.0,3,female,9.8417,S,18.0,"Oulainen, Oulu, Finland"
679,0.0,3,female,46.9,S,43.0,"Fulham, England"
680,1.0,1,male,512.3292,C,36.0,"Germantown, Pennsylvania, US"
681,0.0,3,female,8.1375,Q,26.0,"Cahir, Tipperary, Ireland"
682,1.0,1,male,76.7292,C,27.0,"Cairo, Egypt"
683,0.0,3,male,9.225,S,20.0,"Vikersund, Norway"
684,0.0,3,male,46.9,S,14.0,"Fulham, England"
685,0.0,2,male,39.0,S,60.0,"Cape Town, South Africa, UK[note 4]"
686,0.0,2,male,41.5792,C,25.0,"Paris, France"
687,0.0,3,male,39.6875,S,15.0,"Ylihärmä, South Ostrobothnia, Finland"
688,0.0,3,male,10.1708,S,19.0,"Gornji Miholjac, Croatia"
689,0.0,3,male,7.7958,S,18.0,"Björkeberga, Skåne, Sweden"
690,1.0,1,female,211.3375,S,16.0,"St Louis, Missouri, US"
691,1.0,1,male,57.0,S,31.0,"Calgary, Alberta, Canada"
692,1.0,3,female,13.4167,C,4.0,"Milje, Slovenia"
693,1.0,3,male,56.4958,S,37.0,"Hong Kong, China"
694,0.0,3,male,7.225,C,25.0,"Kfar Mechi, Syria"
695,0.0,1,male,26.55,S,59.0,"New York, New York, US"
696,0.0,2,male,13.5,S,52.0,"Bronx, New York, US"
697,0.0,3,male,8.05,S,44.0,"Leixlip, Kildare, Ireland"
698,1.0,3,female,7.7333,Q,19.0,"Esker, Longford, Ireland"
699,0.0,1,male,110.8833,C,49.0,"Haverford, Pennsylvania, US"
700,0.0,3,male,7.65,S,42.0,"Borgund, Møre og Romsdal, Norway"
701,1.0,1,female,227.525,C,18.0,"New York, New York, US"
702,1.0,1,male,26.2875,S,35.0,"St Louis, Missouri, US"
703,0.0,3,female,14.4542,C,12.0,"Kafr Mishki, Lebanon"
704,0.0,3,male,7.7417,Q,29.0,"Caltra, Galway, Ireland"
705,0.0,3,male,7.8542,S,26.0,"Holeby, Storstrøm, Denmark"
706,0.0,2,male,26.0,S,38.0,"Birmingham, Worcester, England"
707,1.0,2,female,13.5,S,45.0,"London, England"
708,1.0,1,male,26.2875,S,42.0,"New York, New York, US"
709,1.0,1,female,151.55,S,22.0,"London, England, UK"
710,1.0,3,male,15.2458,C,4.0,"Hardîne, Lebanon"
711,1.0,1,female,49.5042,C,24.0,"Brussels, Belgium"
712,0.0,1,male,26.55,S,45.0,"Portland, Oregon, US"
713,1.0,1,male,52.0,S,48.0,"London, England, UK"
714,0.0,3,male,9.4833,S,29.0,"Stamford, Connecticut, US"
715,0.0,2,male,13.0,S,52.0,"Bronx, New York, US"
716,0.0,3,male,7.65,S,19.0,"Ålesund, Møre og Romsdal, Norway"
717,1.0,1,female,227.525,C,39.0,"New York, New York, US"
718,1.0,2,female,10.5,S,27.0,"Bath, Somerset, England"
719,0.0,3,male,15.5,Q,19.0,"Dublin, Ireland"
720,0.0,3,male,7.775,S,33.0,"Minneapolis, Minnesota, US"
721,1.0,2,female,33.0,S,6.0,"London, England"
722,0.0,3,male,7.0542,S,17.0,"Eskilstrup, Denmark"
723,0.0,2,male,13.0,S,34.0,"Abbeyleix, Laois, Ireland[note 1]"
724,0.0,2,male,13.0,S,50.0,"Southampton, Hampshire, England"
725,1.0,1,male,53.1,S,27.0,"New York, New York, US"
726,0.0,3,male,8.6625,S,20.0,"Konjsko Brdo, Croatia"
727,1.0,2,female,21.0,S,30.0,"Elizabeth, New Jersey, US"
728,1.0,3,female,7.7375,Q,28.0,"Caltra, Galway, Ireland"
729,0.0,2,male,26.0,S,25.0,"Skara, Västergötland, Sweden"
730,0.0,3,female,7.925,S,25.0,"Paavola, Northern Ostrobothnia, Finland"
731,1.0,1,female,211.3375,S,29.0,"St Louis, Missouri, US"
732,0.0,3,male,18.7875,C,11.0,"Fredericksburg, Virginia, US"
733,0.0,2,male,0.0,S,39.0,"Belfast, Ireland"
734,0.0,2,male,13.0,S,23.0,"St. Ives, Cornwall, England"
735,0.0,2,male,13.0,S,23.0,"London, England"
736,0.0,3,male,16.1,S,28.0,"Tonypandy, Glamorgan, Wales"
737,0.0,3,female,34.375,S,48.0,"Rotherfield, East Sussex, England"
738,1.0,1,male,512.3292,C,35.0,"Germantown, Pennsylvania, US"
739,0.0,3,male,7.8958,S,20.0,"Malka Ribnya, Troyan, Bulgaria"
740,0.0,3,male,7.8958,S,32.0,"Unknown, Bulgaria"
741,1.0,1,male,30.0,S,45.0,"Kingston, Surrey, England, UK"
742,0.0,1,male,78.85,S,36.0,"London, England, UK"
743,1.0,1,female,262.375,C,21.0,"Cooperstown, New York, US"
744,0.0,3,male,16.1,S,27.0,"Convoy, Donegal, Ireland, England"
745,1.0,3,male,7.925,S,31.0,"Muljula, Kitee, Finland"
746,0.0,1,male,71.0,S,70.0,"Milwaukee, Wisconsin, US"
747,0.0,3,male,20.25,S,16.0,"East Providence, Rhode Island, US"
748,1.0,2,female,13.0,S,30.0,"Turku, Finland, Russian Empire[note 6]"
749,0.0,1,male,53.1,S,18.0,"New York, New York, US"
750,0.0,3,male,7.75,Q,31.0,"Brooklyn, New York, US"
751,1.0,2,female,23.0,S,4.0,"Heamoor, Cornwall, England"
752,1.0,3,male,12.475,S,7.0,"Unknown, Russia"
753,0.0,3,male,9.5,S,35.0,"Denderhoutem, Belgium"
754,0.0,3,male,7.8958,S,23.0,"Gumostnik, Lovec, Bulgaria"
755,1.0,2,female,65.0,S,48.0,"Yeovil, Somerset, England"
756,1.0,2,male,14.5,S,1.0,"Detroit, Michigan, US"
757,0.0,3,male,7.7958,S,24.0,"Dagsås, Halland, Sweden"
758,0.0,2,male,11.5,S,18.0,"Penzance, Cornwall, England"
759,0.0,3,male,8.05,S,34.0,"Strood, Kent, England"
760,1.0,1,female,86.5,S,34.0,"Vancouver, British Columbia, Canada"
761,0.0,3,male,14.5,S,21.0,"Wollaston, Northamptonshire, England"
762,0.0,3,male,7.125,S,41.0,"Kauhajoki, Finland"
763,1.0,3,male,7.2292,C,27.0,"Hardîne, Lebanon"
764,1.0,1,female,120.0,S,36.0,"Bryn Mawr, Pennsylvania, US"
765,0.0,3,male,7.775,S,16.0,"Kårberg, Örebro, Sweden"
766,1.0,1,female,77.9583,S,51.0,"Hudson, New York, US"
767,0.0,1,male,39.6,C,45.0,"Philadelphia, Pennsylvania, US"
768,0.0,3,female,7.75,Q,32.0,"Carrowkehine, Mayo, Ireland"
769,0.0,3,male,24.15,Q,27.0,"Askeaton, Limerick, Ireland"
770,0.0,3,male,8.3625,S,32.0,"Bokn, Norway"
771,0.0,3,male,9.5,S,24.0,"Haaltert, Belgium"
772,0.0,3,male,7.8542,S,48.0,"Portland, Oregon, US"
773,0.0,2,female,10.5,S,57.0,"Southampton, Hampshire, England"
774,0.0,3,male,7.225,C,29.0,"Unknown, Lebanon"
775,1.0,2,female,23.0,S,54.0,"Penzance, Cornwall, England"
776,0.0,3,male,7.75,S,18.0,"Kristinehamn, Värmland, Sweden"
777,0.0,3,male,7.75,Q,20.0,"Cahir, Tipperary, Ireland"
778,1.0,3,female,12.475,S,6.0,"New York City, New York, US"
779,0.0,3,male,7.7375,Q,22.0,"Currafarry, Galway, Ireland"
780,1.0,1,female,211.3375,S,43.0,"St Louis, Missouri, US"
781,1.0,3,female,7.2292,C,15.0,"Beirut, Lebanon"
782,1.0,1,female,57.0,S,17.0,"Calgary, Alberta, Canada"
783,0.0,1,male,30.0,S,29.0,"Springfield, Massachusetts, US"
784,0.0,3,male,23.45,S,35.0,"Thornton Heath, London, England"
785,0.0,3,male,7.05,S,25.0,"Buenos Aires, Argentina"
786,0.0,3,male,7.25,S,25.0,"Manchester, England"
787,1.0,3,female,7.4958,S,18.0,"Munsala, Finland"
788,0.0,3,male,29.125,Q,8.0,"Athlone, Westmeath, Ireland"
789,1.0,3,male,20.575,S,1.0,"Bartley Farm, Hampshire, England"
790,0.0,1,male,79.2,C,46.0,"Paris, France"
791,0.0,3,male,7.75,Q,23.0,"Athenry, Galway, Ireland"
792,0.0,2,male,26.0,S,18.0,"Liverpool, Merseyside, England"
793,0.0,3,female,69.55,S,20.0,"Peterborough, Cambridgeshire, England"
794,0.0,1,male,30.6958,C,42.0,"New York, New York, US"
795,0.0,3,male,7.8958,S,25.0,"Terziysko, Troyan, Bulgaria"
796,0.0,2,male,13.0,S,39.0,"Middleburg Heights, Ohio, US"
797,1.0,1,female,25.9292,S,49.0,"New York, New York, US"
798,1.0,3,female,8.6833,S,31.0,"Vagovina, Croatia"
799,0.0,3,male,7.2292,C,33.0,"Beirut, Lebanon"
800,0.0,3,female,24.15,S,30.0,"Kerksken, Belgium"
801,0.0,2,male,13.0,S,34.0,"Southampton, Hampshire, England"
802,1.0,2,female,26.25,S,31.0,"Bishopstoke, Hampshire, England"
803,1.0,1,male,120.0,S,11.0,"Bryn Mawr, Pennsylvania, US"
804,1.0,3,male,8.5167,C,0.42,"Hardîne, Lebanon"
805,1.0,3,male,6.975,S,27.0,"St. Paul, Minnesota, US"
806,0.0,3,male,7.775,S,31.0,"Duluth, Minnesota, US"
807,0.0,1,male,0.0,S,39.0,"Belfast, Ireland, UK"
808,0.0,3,female,7.775,S,18.0,"Stockholm, Uppland, Sweden"
809,0.0,2,male,13.0,S,31.0,"Harrow, London, England"
810,1.0,1,female,53.1,S,32.0,"New York, New York, US"
811,0.0,3,male,7.8875,S,23.0,"Great Yarmouth, Norfolk, England"
812,0.0,3,male,24.15,S,39.0,"West Bromwich, Staffordshire, England"
813,0.0,2,male,10.5,S,35.0,"Landrake, Cornwall, England"
814,0.0,3,female,31.275,S,6.0,"Kisa, Östergötland, Sweden"
815,0.0,3,male,8.05,S,22.0,"Portage la Prairie, Manitoba, Canada"
816,0.0,1,male,0.0,S,39.0,"Liverpool, Merseyside, England, UK"
817,0.0,3,female,7.925,S,23.0,"Turku, Finland"
818,0.0,2,male,37.0042,C,31.0,"Montreal, Quebec, Canada"
819,0.0,3,male,6.45,S,43.0,"Karlshamn, Blekinge, Sweden"
820,0.0,3,male,27.9,S,11.0,"Hällekis, Västergötland, Sweden"
821,1.0,1,female,93.5,S,52.0,"Montreal, Quebec, Canada"
822,1.0,3,male,8.6625,S,29.0,"Konjsko Brdo, Croatia"
823,0.0,1,male,0.0,S,38.0,"Rotterdam, The Netherlands"
824,1.0,3,female,12.475,S,29.0,"Unknown, Russia"
825,0.0,3,male,39.6875,S,2.0,"Ylihärmä, South Ostrobothnia, Finland"
826,0.0,3,male,6.95,Q,42.0,"Clonbur, Galway, Ireland"
827,0.0,3,male,56.4958,S,23.0,"Hong Kong, China"
828,1.0,2,male,37.0042,C,1.0,"Montreal, Quebec, Canada"
829,1.0,3,male,7.75,Q,19.0,"Bayonne, New Jersey, US"
830,1.0,1,female,80.0,,62.0,"New York, New York, US"
831,1.0,3,female,14.4542,C,15.0,"Unknown, Lebanon"
832,1.0,2,male,18.75,S,0.75,"Penzance, Cornwall, England"
833,0.0,3,male,7.2292,C,30.0,"Tebnine, Lebanon"
834,0.0,3,male,7.8542,S,23.0,"Krakoryd, Småland, Sweden"
835,0.0,3,male,8.3,S,15.0,"Southall, London, England"
836,1.0,1,female,83.1583,C,39.0,"Lakewood, New Jersey, US"
837,0.0,3,male,8.6625,S,21.0,"Streklevac, Slovenia"
838,0.0,3,male,8.05,S,20.0,"London, England"
839,1.0,3,male,56.4958,S,32.0,"Hong Kong, China"
840,1.0,1,male,29.7,C,28.0,"Paris, France"
841,0.0,3,male,7.925,S,19.0,"Salo, Finland"
842,0.0,2,male,10.5,S,16.0,"Huntingfield, Suffolk, England"
843,1.0,1,female,31.0,C,30.0,"Bryn Mawr, Pennsylvania, US"
844,0.0,3,male,6.4375,C,30.0,"Áyios Sóstis, Greece"
845,0.0,3,male,8.6625,S,17.0,"Lipova Glavica, Croatia"
846,0.0,3,male,7.55,S,40.0,"Cincinnati, Ohio, US"
847,0.0,3,male,69.55,S,18.0,"Peterborough, Cambridgeshire, England"
848,0.0,3,male,7.8958,C,35.0,"Gumostnik, Lovec, Bulgaria"
849,0.0,2,male,33.0,S,39.0,"London, England"
850,1.0,1,female,89.1042,C,40.0,"Paris, France"
851,0.0,3,male,31.275,S,4.0,"Kisa, Östergötland, Sweden"
852,0.0,3,male,7.775,S,74.0,"Reftele, Småland, Sweden"
853,0.0,3,female,15.2458,C,7.0,"Unknown, Lebanon"
854,1.0,1,female,39.4,S,16.0,"Paris, France"
855,0.0,2,female,26.0,S,45.0,"London, England, UK"
856,1.0,3,female,9.35,S,18.0,"London, England"
857,1.0,1,female,164.8667,S,45.0,"Youngstown, Ohio, US"
858,1.0,1,male,26.55,S,51.0,"Lima, Peru"
859,1.0,3,female,19.2583,C,24.0,"Ḑuhūr ash Shuwayr, Lebanon"
860,0.0,3,male,7.2292,C,30.0,"Tebnine, Lebanon"
861,0.0,3,male,14.1083,S,41.0,"Racine, Wisconsin, US"
862,0.0,2,male,11.5,S,20.0,"Porthleven, Cornwall, England"
863,1.0,1,female,25.9292,S,46.0,"New York, New York, US"
864,0.0,3,female,69.55,S,14.0,"Peterborough, Cambridgeshire, England"
865,0.0,2,male,13.0,S,24.0,"Clevedon, North Somerset England"
866,1.0,2,female,13.0,S,42.0,New York City
867,1.0,2,female,13.8583,C,27.0,"Barcelona, Catalonia, Spain"
868,0.0,1,male,50.4958,S,31.0,"Trenton, New Jersey, US"
869,0.0,3,male,9.5,S,23.0,"Haaltert, East Flanders, Belgium"
870,1.0,3,male,11.1333,S,4.0,"St. Charles, Illinois, US"
871,0.0,3,male,7.8958,S,26.0,"Bosanska Krupa, Bosnia"
872,1.0,1,female,52.5542,S,46.0,"New York, New York, US"
873,0.0,1,male,5.0,S,33.0,"New York, New York, US"
874,0.0,3,male,9.0,S,46.0,"Zwevezele, Belgium"
875,1.0,2,female,24.0,C,28.0,Russia
876,1.0,3,female,7.225,C,15.0,"El Shweir, Lebanon"
877,0.0,3,male,9.8458,S,19.0,"Kokkola, Finland"
878,0.0,3,male,7.8958,S,19.0,"Gumostnik, Lovec, Bulgaria"
879,0.0,3,male,7.8958,S,23.0,"Knezhni Lak, Troyan, Bulgaria"
880,1.0,1,female,83.1583,C,56.0,"Philadelphia, Pennsylvania, US"
881,1.0,2,female,26.0,S,25.0,"Deer Lodge, Montana, US"
882,0.0,3,male,7.8958,S,33.0,"Milje, Slovenia"
883,0.0,3,female,10.5167,S,22.0,"Stockholm, Sweden"
884,0.0,2,male,10.5,S,28.0,"Plymouth, Devon, England"
885,0.0,3,male,7.05,S,25.0,"London, England"
886,0.0,3,female,29.125,Q,39.0,"Athlone, Westmeath, Ireland"
887,0.0,2,male,13.0,S,27.0,"Gudinė, Lithuania [76]"
888,1.0,1,female,30.0,S,19.0,"Greenwich, Connecticut, US"
889,0.0,3,female,23.45,S,7.0,"Thornton Heath, London, England"
890,1.0,1,male,30.0,C,26.0,"New York, New York, US"
891,0.0,3,male,7.75,Q,43.0,"Patrickswell, Limerick, Ireland"
892,,3,male,7.8292,Q,19.0,"Unknown, Ireland"
893,,3,female,7.0,S,47.0,"Penzance, Cornwall, England"
894,,2,male,9.6875,Q,63.0,"Fermoy, Ireland[note 1]"
895,,3,male,8.6625,S,27.0,"Uster, Switzerland"
896,,3,female,12.2875,S,22.0,"Taalintehdas, Finland"
897,,3,male,9.225,S,14.0,"Knäred, Halland, Sweden"
898,,3,female,7.6292,Q,35.0,"Bank Place, Tipperary, Ireland"
899,,2,male,29.0,S,26.0,"Bangkok, Siam[note 5]"
900,,3,female,7.2292,C,18.0,"Shwayhad, Syria"
901,,3,male,24.15,S,21.0,"West Bromwich, Staffordshire, England"
902,,3,male,7.8958,S,32.0,"Unknown, Bulgaria"
903,,1,male,26.0,S,46.0,"Bennington, Vermont, US"
904,,1,female,82.2667,S,23.0,"Minneapolis, Minnesota, US"
905,,2,male,26.0,S,63.0,"Swindon, Wiltshire, England"
906,,1,female,61.175,S,47.0,"Amenia, North Dakota, US"
907,,2,female,27.7208,C,24.0,"Montecarlo, Lucca, Tuscany, Italy"
908,,2,male,12.35,Q,35.0,"Limerick, Ireland[note 1]"
909,,3,male,7.225,C,21.0,"Kafr Mishki, Lebanon"
910,,3,female,7.925,S,27.0,"New York City, New York, US"
911,,3,female,7.225,C,45.0,"Kafr Mishki, Lebanon"
912,,1,male,59.4,C,46.0,"New York, New York, US"
913,,3,male,3.1708,S,9.0,"Trondheim, Norway"
914,,1,female,31.6833,S,48.0,"New York, New York, US"
915,,1,male,61.3792,C,21.0,"Geneva, Switzerland"
916,,1,female,262.375,C,48.0,"Cooperstown, New York, US"
917,,3,male,14.5,S,50.0,"St Austell, Cornwall, England"
918,,1,female,61.9792,C,22.0,"Providence, Rhode Island, US"
919,,3,male,7.225,C,19.0,"Ibrin[85], Syria or Lebanon"
920,,1,male,30.5,S,41.0,"Pomeroy, Washington, US"
921,,3,male,21.6792,C,17.0,"Hardîne, Lebanon"
922,,2,male,26.0,S,50.0,"Weston-super-Mare, North Somerset, England"
923,,2,male,31.5,S,24.0,"Guernsey, Channel Islands"
924,,3,female,20.575,S,32.0,"Bartley Farm, Hampshire, England"
925,,3,female,23.45,S,34.0,"Thornton Heath, London, England"
926,,1,male,57.75,C,30.0,"New York, New York, US"
927,,3,male,7.2292,C,19.0,"Agios Sostis, Greece"
928,,3,female,8.05,S,26.0,"London, England"
929,,3,female,8.6625,S,21.0,"Široka Kula, Croatia"
930,,3,male,9.5,S,21.0,"Zwevezele, Belgium"
931,,3,male,56.4958,S,28.0,"Hong Kong, China"
932,,3,male,13.4167,C,39.0,"Milje, Slovenia"
933,,1,male,26.55,S,37.0,"London, England, UK"
934,,3,male,7.85,S,41.0,"Unknown, Russia"
935,,2,female,13.0,S,30.0,"Provo, Utah, US"
936,,1,female,52.5542,S,45.0,"Boston, Massachusetts, US"
937,,3,male,7.925,S,25.0,"Helsinki, Finland"
938,,1,male,29.7,C,45.0,"Paris, France"
939,,3,male,7.75,Q,24.0,"Tynagh, Galway, Ireland"
940,,1,female,76.2917,C,59.0,"Philadelphia, Pennsylvania, US"
941,,3,female,15.9,S,36.0,"London, England"
942,,1,male,60.0,S,24.0,"Huntington, West Virginia, US"
943,,2,male,15.0333,C,27.0,New York City
944,,2,female,23.0,S,20.0,"Penzance, Cornwall, England"
945,,1,female,263.0,S,28.0,"Winnipeg, Manitoba, Canada"
946,,2,male,15.5792,C,30.0,"Paris, France"
947,,3,male,29.125,Q,10.0,"Athlone, Westmeath, Ireland"
948,,3,male,7.8958,S,35.0,"Kricina, Croatia"
949,,3,male,7.65,S,25.0,"Perkins County, South Dakota, US"
950,,3,male,16.1,S,32.0,"Liverpool, Merseyside, England"
951,,1,female,262.375,C,36.0,"Cooperstown, New York, US"
952,,3,male,7.8958,S,17.0,"Podgora, Croatia"
953,,2,male,13.5,S,32.0,"Sydney, New South Wales, Australia"
954,,3,male,7.75,S,18.0,"Stockholm, Sweden"
955,,3,female,7.725,Q,22.0,"Kingwilliamstown, Cork, Ireland"
956,,1,male,262.375,C,13.0,"Cooperstown, New York, US"
957,,2,female,21.0,S,30.0,"Pittsburgh, Pennsylvania, US"
958,,3,female,7.8792,Q,17.0,"Kilmacowen, Sligo, Ireland"
959,,1,male,42.4,S,47.0,"Washington, DC, US"
960,,1,male,28.5375,C,31.0,"Albany, New York, US"
961,,1,female,263.0,S,60.0,"Winnipeg, Manitoba, Canada"
962,,3,female,7.75,Q,25.0,"Athlone, Westmeath, Ireland"
963,,3,male,7.8958,S,21.0,"Gumostnik, Lovec, Bulgaria"
964,,3,female,7.925,S,29.0,"Karinainen, Finland"
965,,1,male,27.7208,C,36.0,"Havana, Cuba"
966,,1,female,211.5,C,35.0,"Philadelphia, Pennsylvania, US"
967,,1,male,211.5,C,33.0,"Philadelphia, Pennsylvania, US"
968,,3,male,8.05,S,23.0,"Greenwich, London, England"
969,,1,female,25.7,S,55.0,"New York, New York, US"
970,,2,male,13.0,S,30.0,"Bryn Mawr, Pennsylvania, US"
971,,3,female,7.75,Q,24.0,"Bree, Wexford, Ireland"
972,,3,male,15.2458,C,9.0,"Unknown, Lebanon"
973,,1,male,221.7792,S,67.0,"New York, New York, US"
974,,1,male,26.0,S,49.0,"Ascot, Berkshire, England, UK"
975,,3,male,7.8958,S,23.0,"Unknown, Macedonia"
976,,2,male,10.7083,Q,30.0,"Glencree, Ireland[note 1]"
977,,3,male,14.4542,C,25.0,"Hardîne, Lebanon"
978,,3,female,7.8792,Q,26.0,"New York City, New York, US"
979,,3,female,8.05,S,18.0,"Clevedon, North Somerset, England"
980,,3,female,7.75,Q,21.0,"Cum, Mayo, Ireland"
981,,2,male,23.0,S,2.0,"Heamoor, Cornwall, England"
982,,3,female,13.9,S,22.0,"New Haven, Connecticut, US"
983,,3,male,7.775,S,28.0,"Sandefjord, Norway"
984,,1,female,52.0,S,27.0,"Montreal, Quebec, Canada"
985,,3,male,8.05,S,32.0,"London, England"
986,,1,male,26.0,C,24.0,"Antwerp, Belgium"
987,,3,male,7.7958,S,25.0,"Stockholm, Uppland, Sweden"
988,,1,female,78.85,S,25.0,"London, England, UK"
989,,3,male,7.925,S,29.0,"Ikaalinen, Pirkanmaa, Finland"
990,,3,female,7.8542,S,20.0,"Medeltorp, Småland, Sweden"
991,,3,male,8.05,S,33.0,"St Austell, Cornwall, England"
992,,1,female,55.4417,C,44.0,"Newark, New Jersey, US"
993,,2,male,26.0,S,28.0,"Bromsgrove, Worcestershire, England"
994,,3,male,7.75,Q,20.0,"Donoughmore, Cork, Ireland"
995,,3,male,7.775,S,26.0,"Kvarnaryd, Småland, Sweden"
996,,3,female,8.5167,C,16.0,"Hardîne, Lebanon"
997,,3,male,22.525,S,28.0,"Bergen, Norway"
998,,3,male,7.8208,Q,21.0,"Kingwilliamstown, Cork, Ireland"
999,,3,male,7.75,Q,24.0,"Ballinascreen, Tipperary, Ireland"
1000,,3,male,8.7125,S,37.0,"Unknown, Russia"
1001,,2,male,13.0,S,19.0,"Montreal, Quebec, Canada"
1002,,2,male,15.0458,C,42.0,New York City
1003,,3,female,7.7792,Q,20.0,"Cork, Cork, Ireland"
1004,,1,female,31.6792,C,36.0,"New York, New York, US"
1005,,3,female,7.2833,Q,22.0,"Ovens, Cork, Ireland"
1006,,1,female,221.7792,S,63.0,"New York, New York, US"
1007,,3,male,14.4542,C,18.0,"Agios Sostis, Peloponnese, Greece"
1008,,3,male,6.4375,C,34.0,"Unknown, Unknown"
1009,,3,female,16.7,S,1.0,"Motala, Östergötland, Sweden"
1010,,1,male,75.2417,C,36.0,"Fergus, Ontario, Canada"
1011,,2,female,26.0,S,28.0,"Liskeard, Cornwall, England"
1012,,2,female,15.75,S,12.0,"Aberdeen, Aberdeenshire, Scotland"
1013,,3,male,7.75,Q,24.0,"Jersey City, New Jersey, US"
1014,,1,female,57.75,C,35.0,"Hamburg, German Empire[note 2]"
1015,,3,male,7.25,S,28.0,"Southampton, Hampshire, England"
1016,,3,male,7.75,Q,24.0,"Watergate, Limerick, Ireland"
1017,,3,female,16.1,S,16.0,"Bournemouth, Dorset, England"
1018,,3,male,7.7958,S,22.0,"Norrköping, Östergötland, Sweden"
1019,,3,female,23.25,Q,26.0,"Carrickatane, Tyrone, Ireland"
1020,,2,male,13.0,S,42.0,"London, England"
1021,,3,male,8.05,S,24.0,"London, England"
1022,,3,male,8.05,S,32.0,"Arboretum, Worcestershire, England"
1023,,1,male,28.5,C,53.0,"Washington, DC, US"
1024,,3,female,25.4667,S,40.0,"Liévin, Pas-de-Calais, France"
1025,,3,male,6.4375,C,31.0,"Hardîne, Lebanon"
1026,,3,male,7.8958,S,43.0,"Unknown, Bulgaria"
1027,,3,male,7.8542,S,24.0,"Göteborg, Västergötland, Sweden"
1028,,3,male,7.225,C,22.0,"Kiğı, Turkey"
1029,,2,male,13.0,S,26.0,"Newark, New Jersey, US"
1030,,3,female,8.05,S,24.0,"Mogilev, Belarus"
1031,,3,male,46.9,S,42.0,"Fulham, England"
1032,,3,female,46.9,S,12.0,"Fulham, England"
1033,,1,female,151.55,S,33.0,"Montreal, Quebec, Canada"
1034,,1,male,262.375,C,61.0,"Cooperstown, New York, US"
1035,,2,male,26.0,S,28.0,"London, England, UK"
1036,,1,male,26.55,S,42.0,"Jordanstorp, Södermanland, Sweden"
1037,,3,male,18.0,S,31.0,"Zwevezele, Belgium"
1038,,1,male,51.8625,S,44.0,"Brighton, Massachusetts, US"
1039,,3,male,8.05,S,22.0,"Pontardawe, West Glamorgan, Wales"
1040,,1,male,26.55,S,59.0,"Roachdale, Indiana, US"
1041,,2,male,26.0,S,35.0,"Minneapolis, Minnesota, US"
1042,,1,female,83.1583,C,,
1043,,3,male,7.8958,C,30.0,"Gabrovo, Bulgaria"
1044,,3,male,,S,51.0,"Liverpool, Merseyside, England,"
1045,,3,female,12.1833,S,36.0,"Salmunds, Gotland, Sweden"
1046,,3,male,31.3875,S,13.0,"Alseda, Småland, Sweden"
1047,,3,male,7.55,S,19.0,"Saint Sampson, Guernsey, Channel Islands, England"
1048,,1,female,221.7792,S,31.0,"New York, New York, US"
1049,,3,female,7.8542,S,,
1050,,1,male,26.55,S,42.0,"London, England, UK"
1051,,3,female,13.775,S,26.0,"Southampton, Hampshire, England"
1052,,3,female,7.7333,Q,17.0,"Kilcogy, Cavan, Ireland"
1053,,3,male,15.2458,C,8.0,"Tibnin, Lebanon"
1054,,2,female,13.5,S,26.0,"Yeovil, Somerset, England"
1055,,3,male,7.0,S,32.0,"London, England"
1056,,2,male,13.0,S,28.0,"Scheyern, Bavaria, German Empire[note 2]"
1057,,3,female,22.025,S,26.0,"Zürich, Switzerland"
1058,,1,male,50.4958,C,48.0,"Omaha, Nebraska, US"
1059,,3,male,34.375,S,18.0,"Rotherfield, East Sussex, England"
1060,,1,female,27.7208,C,36.0,"New York, New York, US"
1061,,3,female,8.9625,S,22.0,"Stora Tuna, Sweden"
1062,,3,male,7.55,S,26.0,"Edinburgh, Scotland"
1063,,3,male,7.225,C,27.0,"Kiğı, Turkey"
1064,,3,male,13.9,S,23.0,"New Haven, Connecticut, US"
1065,,3,male,7.2292,C,20.0,"Unknown, Syria"
1066,,3,male,31.3875,S,40.0,"Alseda, Småland, Sweden"
1067,,2,female,39.0,S,15.0,"Cape Town, South Africa, UK"
1068,,2,female,36.75,S,20.0,"St. Ives, Cornwall, England"
1069,,1,male,55.4417,C,54.0,"Newark, New Jersey, US"
1070,,2,female,39.0,S,35.0,"Guntur, Madras Province, British India[note 3]"
1071,,1,female,83.1583,C,64.0,"Lakewood, New Jersey, US"
1072,,2,male,13.0,S,32.0,"Sarnia, Ontario, Canada"
1073,,1,male,83.1583,C,37.0,"Lakewood, New Jersey, US"
1074,,1,female,53.1,S,18.0,"New York, New York, US"
1075,,3,male,7.75,Q,16.0,"Limerick, Limerick, Ireland"
1076,,1,female,247.5208,C,27.0,"Montreal, Quebec, Canada"
1077,,2,male,16.0,S,36.0,"Weston-super-Mare, North Somerset, England"
1078,,2,female,21.0,S,21.0,"Ilfracombe, Devon, England"
1079,,3,male,8.05,S,17.0,"West Bromwich, Staffordshire, England"
1080,,3,female,69.55,S,10.0,"Peterborough, Cambridgeshire, England"
1081,,2,male,13.0,S,40.0,"Barre, Vermont, US"
1082,,2,male,26.0,S,32.0,"Warwick, Warwickshire, England"
1083,,1,male,26.0,S,43.0,"New York, New York, US"
1084,,3,male,14.5,S,9.0,"London, England"
1085,,2,male,12.35,Q,61.0,"Chelsea, Michigan, US"
1086,,2,male,32.5,S,8.0,"Greenport, New York, US"
1087,,3,male,7.8542,S,33.0,"Göteborg, Västergötland, Sweden"
1088,,1,male,134.5,C,6.0,"Tuxedo Park, New York, US"
1089,,3,female,7.775,S,18.0,"Lysvik, Värmland, Sweden"
1090,,2,male,10.5,S,23.0,"Saint Peter Port, Guernsey, Channel Islands"
1091,,3,female,8.1125,S,62.0,"Haugesund, Rogaland, Norway"
1092,,3,female,15.5,Q,34.0,"Dublin, Ireland"
1093,,3,male,14.4,S,0.33,"Göteborg, Västergötland, Sweden"
1094,,1,male,227.525,C,47.0,"New York, New York, US"
1095,,2,female,26.0,S,8.0,"Plymouth, Devon, England"
1096,,2,male,10.5,S,30.0,"Redruth, Cornwall, England"
1097,,1,male,25.7417,C,29.0,"Le Havre, France"
1098,,3,female,7.75,Q,42.0,"Terry, Mayo, Ireland"
1099,,2,male,10.5,S,25.0,"London, England"
1100,,1,female,27.7208,C,34.0,"Paris, France"
1101,,3,male,7.8958,S,25.0,"Bakić, Bosnia"
1102,,3,male,22.525,S,33.0,"Bergen, Norway"
1103,,3,male,7.05,S,34.0,"Philadelphia, Pennsylvania, US"
1104,,2,male,73.5,S,20.0,"Fritham, Hampshire, England, UK"
1105,,2,female,26.0,S,60.0,"Swindon, Wiltshire, England"
1106,,3,female,7.775,S,38.0,"Vadsbro, Sörmland, Sweden"
1107,,1,male,42.5,S,42.0,"Chelsea, London, England, UK"
1108,,3,female,7.8792,Q,20.0,"Derrymartin, Mayo, Ireland"
1109,,1,male,164.8667,S,58.0,"Youngstown, Ohio, US"
1110,,1,female,211.5,C,50.0,"Philadelphia, Pennsylvania, US"
1111,,3,male,8.05,S,36.0,"Unknown, Scotland"
1112,,2,female,13.8583,C,30.0,"Barcelona, Catalonia, Spain"
1113,,3,male,8.05,S,21.0,"London, England"
1114,,2,female,10.5,S,22.0,"Oxford, Oxfordshire, England"
1115,,3,male,7.7958,S,21.0,"Oskarshamn, Kalmar, Sweden"
1116,,1,female,27.4458,C,53.0,"Washington, DC, US"
1117,,3,female,15.2458,C,24.0,"Hardîne, Lebanon"
1118,,3,male,7.7958,S,23.0,"Oskarshamn, Kalmar, Sweden"
1119,,3,female,7.75,Q,27.0,"Trien, Roscommon, Ireland"
1120,,3,male,15.1,S,39.0,"Bristol, Avon, England"
1121,,2,male,13.0,S,36.0,"Devonport, Devon, England"
1122,,2,male,65.0,S,14.0,"Yeovil, Somerset, England"
1123,,1,female,26.55,S,21.0,"Duluth, Minnesota, US"
1124,,3,male,6.4958,S,21.0,"Vaasa, Finland"
1125,,3,male,7.8792,Q,21.0,"Boherbue, Cork, Ireland"
1126,,1,male,71.2833,C,39.0,"New York, New York, US"
1127,,3,male,7.8542,S,29.0,"Östra Sallerup, Skåne, Sweden"
1128,,1,male,75.25,C,63.0,"Portland, Oregon, US"
1129,,3,male,7.225,C,20.0,"Unknown, Lebanon"
1130,,2,female,13.0,S,18.0,"Joensuu, Finland, Russian Empire[note 6]"
1131,,1,female,106.425,C,48.0,"Minneapolis, Minnesota, US"
1132,,1,female,27.7208,C,55.0,"Stockholm, Sweden"
1133,,2,female,30.0,S,45.0,"London, England, UK"
1134,,1,male,134.5,C,45.0,"Tuxedo Park, New York, US"
1135,,3,male,7.8875,S,34.0,"Manchester, England"
1136,,3,male,23.45,S,8.0,"Thornton Heath, London, England"
1137,,1,male,51.8625,S,41.0,"Pittsburgh, Pennsylvania, US"
1138,,2,female,21.0,S,28.0,"Pittsburgh, Pennsylvania, US"
1139,,2,male,32.5,S,42.0,"Greenport, New York, US"
1140,,2,female,26.0,S,29.0,"Porthoustock, Cornwall, England"
1141,,3,female,14.4542,C,20.0,"Hardîne, Lebanon"
1142,,2,female,27.75,S,0.83,"Bournemouth, Dorset, England"
1143,,3,male,7.925,S,20.0,"Dalsbruk, Finland"
1144,,1,male,136.7792,C,27.0,"Los Angeles, California, US"
1145,,3,male,9.325,S,24.0,"Genevad, Halland, Sweden"
1146,,3,male,9.5,S,27.0,"Vienna, Austria"
1147,,3,male,7.55,S,20.0,"London, England"
1148,,3,male,7.75,Q,22.0,"Currowhunane, Sligo, Ireland"
1149,,3,male,8.05,S,28.0,"Västra Bogane, Orust Island, Sweden"
1150,,2,female,13.0,S,19.0,"Rochester, New York, US"
1151,,3,male,7.775,S,21.0,"Krøkstad, Ski, Norway"
1152,,3,male,17.4,S,36.0,"Tampico, Montana, US"
1153,,3,male,7.8542,S,21.0,"Hörby, Skåne, Sweden"
1154,,2,female,23.0,S,29.0,"Heamoor, Cornwall, England"
1155,,3,female,12.1833,S,1.0,"Grimshut, Småland, Sweden"
1156,,2,male,12.7375,C,34.0,"Milford, New Hampshire, US"
1157,,3,male,7.8958,S,44.0,"Unknown, Bulgaria"
1158,,1,male,0.0,S,40.0,"Belfast, Ireland, UK"
1159,,3,male,7.55,S,30.0,"Portsmouth, Hampshire, England"
1160,,3,female,8.05,S,27.0,"North Walsham, Norfolk, England"
1161,,3,male,8.6625,S,17.0,"Bukovac, Croatia"
1162,,1,male,75.2417,C,46.0,"Vancouver, British Columbia, Canada"
1163,,3,male,7.75,Q,28.0,"Mullingar, Westmeath, Ireland"
1164,,1,female,136.7792,C,26.0,"Los Angeles, California, US"
1165,,3,female,15.5,Q,18.0,"Ballymahon, Longford, Ireland"
1166,,3,male,7.225,C,20.0,"Sir'Al, Lebanon"
1167,,2,female,26.0,S,20.0,"Skara, Västergötland, Sweden"
1168,,2,male,10.5,S,28.0,"Guernsey, Channel Islands"
1169,,2,male,26.0,S,40.0,"Liverpool, Merseyside, England, UK"
1170,,2,male,21.0,S,45.0,"Bristol, Avon, England"
1171,,2,male,10.5,S,22.0,"London, England"
1172,,3,female,8.6625,S,23.0,"Konjsko Brdo, Croatia"
1173,,3,male,13.775,S,0.58,"Southampton, Hampshire, England"
1174,,3,female,7.75,Q,22.0,"Carrowskehine, Mayo, Ireland"
1175,,3,female,15.2458,C,9.0,"Tibnin, Lebanon"
1176,,3,female,20.2125,S,2.0,"Suistamo, Finland"
1177,,3,male,7.25,S,26.0,"Week St Mary, Cornwall, England"
1178,,3,male,7.25,S,38.0,"Wellingborough, Northamptonshire, England"
1179,,1,male,82.2667,S,24.0,"Minneapolis, Minnesota, US"
1180,,3,male,7.2292,C,25.0,"Kiğı, Turkey"
1181,,3,male,8.05,S,22.0,"Bridgwater, Somerset, England"
1182,,1,male,39.6,S,36.0,"Paris, France"
1183,,3,female,6.95,Q,30.0,"Athlone, Westmeath, Ireland"
1184,,3,male,7.2292,C,20.0,"Tebnine, Lebanon"
1185,,1,male,81.8583,S,52.0,"San Francisco, California, US"
1186,,3,male,9.5,S,36.0,"Westrozebeke, Belgium"
1187,,3,male,7.8958,S,26.0,"Terziysko, Troyan, Bulgaria"
1188,,2,female,41.5792,C,1.0,"Paris, France"
1189,,3,male,21.6792,C,40.0,"Hardîne, Lebanon"
1190,,1,male,45.5,S,30.0,"London, England, UK"
1191,,3,male,7.8542,S,29.0,"Chicago, Illinois, US"
1192,,3,male,7.775,S,32.0,"Lunna, Orust Island, Sweden"
1193,,2,male,15.0458,C,25.0,"Paris, France"
1194,,2,male,21.0,S,42.0,"Ilfracombe, Devon, England"
1195,,3,male,8.6625,S,24.0,"Bukovac, Croatia"
1196,,3,female,7.75,Q,24.0,"Tipperary, Ireland"
1197,,1,female,26.55,S,64.0,"Milwaukee, Wisconsin, US"
1198,,1,male,151.55,S,30.0,"Montreal, Quebec, Canada"
1199,,3,male,9.35,S,0.83,"London, England"
1200,,1,male,93.5,S,55.0,"Montreal, Quebec, Canada"
1201,,3,female,14.1083,S,45.0,"Racine, Wisconsin, US"
1202,,3,male,8.6625,S,18.0,"Široka Kula, Croatia"
1203,,3,male,7.225,C,22.0,"Kiğı, Turkey"
1204,,3,male,7.575,S,17.0,"London, England"
1205,,3,female,7.75,Q,47.0,"Aclare, Sligo, Ireland"
1206,,1,female,135.6333,C,55.0,"New York, New York, US"
1207,,3,female,7.7333,Q,17.0,"Ballysadare, Sligo, Ireland"
1208,,1,male,146.5208,C,57.0,"New York, New York, US"
1209,,2,male,10.5,S,18.0,"Tavistock, Devon, England"
1210,,3,male,7.8542,S,27.0,"Tågarp, Skåne, Sweden"
1211,,2,male,31.5,S,22.0,"Guernsey, Channel Islands"
1212,,3,male,7.775,S,26.0,"Hartford, Connecticut, US"
1213,,3,male,7.2292,C,25.0,"Kiğı, Turkey"
1214,,2,male,13.0,S,26.0,"London, England"
1215,,1,male,26.55,S,59.0,"Liverpool, Merseyside, England, UK"
1216,,1,female,211.3375,S,29.0,"St Louis, Missouri, US"
1217,,3,male,7.05,S,23.0,"Buenos Aires, Argentina"
1218,,2,female,39.0,S,12.0,"Guntur, Madras Province, British India"
1219,,1,male,79.2,C,46.0,"New York, New York, US"
1220,,2,male,26.0,S,29.0,"Netley Abbey, Hampshire, England"
1221,,2,male,13.0,S,21.0,"Göteborg, Västergötland, Sweden"
1222,,2,female,36.75,S,48.0,"St. Ives, Cornwall, England"
1223,,1,male,29.7,C,39.0,"Philadelphia, Pennsylvania, US"
1224,,3,male,7.225,C,16.0,"Unknown, Lebanon"
1225,,3,female,15.7417,C,19.0,"Zgharta, Lebanon"
1226,,3,male,7.8958,S,27.0,"Kricina, Croatia"
1227,,1,male,26.0,S,30.0,"Brockton, Massachusetts, US"
1228,,2,male,13.0,S,32.0,"Madeira, Portugal"
1229,,3,male,7.2292,C,,
1230,,2,male,31.5,S,25.0,"Guernsey, Channel Islands, UK"
1231,,3,male,7.2292,C,10.0,"Hardîne, Lebanon"
1232,,2,male,10.5,S,18.0,"Truro, Cornwall, England, UK"
1233,,3,male,7.5792,S,32.0,"Simrishamn, Skåne, Sweden"
1234,,3,male,69.55,S,44.0,"Peterborough, Cambridgeshire, England"
1235,,1,female,512.3292,C,58.0,"Germantown, Pennsylvania, US"
1236,,3,male,14.5,S,10.0,"London, England"
1237,,3,female,7.65,S,16.0,"Sondmore, Norway"
1238,,2,male,13.0,S,25.0,"Orange, New Jersey, US"
1239,,3,female,7.2292,C,22.0,"Youngstown, Ohio, US"
1240,,2,male,13.5,S,25.0,"London, England"
1241,,2,female,21.0,S,36.0,"Maidenhead, Berkshire, England"
1242,,1,female,63.3583,C,45.0,"New York, New York, US"
1243,,2,male,10.5,S,25.0,"London, England"
1244,,2,male,73.5,S,18.0,"Lyndhurst, Hampshire, England"
1245,,2,male,65.0,S,49.0,"Yeovil, Somerset, England"
1246,,3,female,20.575,S,0.17,"Bartley Farm, Hampshire, England"
1247,,1,male,26.0,S,50.0,"Torquay, Devon, England, UK"
1248,,1,female,51.4792,S,59.0,"Belmont, Massachusetts, US"
1249,,3,male,7.8792,S,21.0,"Sandhurst, Kent, England"
1250,,3,male,7.75,Q,22.0,"Waterford, Waterford, Ireland"
1251,,3,female,15.55,S,30.0,"Helsingborg, Skåne, Sweden"
1252,,3,male,69.55,S,13.0,"Peterborough, Cambridgeshire, England"
1253,,2,female,37.0042,C,24.0,"Montreal, Quebec, Canada"
1254,,2,female,21.0,S,31.0,"Bristol, Avon, England"
1255,,3,male,8.6625,S,27.0,"Široka Kula, Croatia"
1256,,1,female,55.4417,C,21.0,"New York, New York, US"
1257,,3,female,69.55,S,44.0,"Peterborough, Cambridgeshire, England"
1258,,3,male,14.4583,C,28.0,"Kfar Mechi, Syria"
1259,,3,female,39.6875,S,22.0,"Ylihärmä, South Ostrobothnia, Finland"
1260,,1,female,59.4,C,44.0,"New York, New York, US"
1261,,2,male,13.8583,C,29.0,"Barcelona, Catalonia, Spain"
1262,,2,male,11.5,S,21.0,"Porthleven, Cornwall, England"
1263,,1,female,134.5,C,31.0,"Tuxedo Park, New York, US"
1264,,1,male,0.0,S,49.0,"Liverpool, Merseyside, England, UK"
1265,,2,male,13.0,S,44.0,"Toledo, Ohio, US"
1266,,1,female,81.8583,S,34.0,"San Francisco, California, US"
1267,,1,female,262.375,C,45.0,"Cooperstown, New York, US"
1268,,3,female,8.6625,S,22.0,"Zürich, Switzerland"
1269,,2,male,11.5,S,20.0,"Penzance, Cornwall, England"
1270,,1,male,50.0,S,55.0,"Birmingham, West Midlands, England, UK"
1271,,3,male,31.3875,S,5.0,"Alseda, Småland, Sweden"
1272,,3,male,7.75,Q,23.0,"Kingwilliamstown, Cork, Ireland"
1273,,3,male,7.8792,Q,19.0,"Broadford, Limerick, Ireland"
1274,,3,female,14.5,S,58.0,"Durban, South Africa"
1275,,3,female,16.1,S,19.0,"Salisbury, Wiltshire, England"
1276,,2,male,12.875,S,24.0,"Bath, Somerset, England"
1277,,2,female,65.0,S,24.0,"Yeovil, Somerset, England"
1278,,3,male,7.775,S,24.0,"Horset, Småland, Sweden"
1279,,2,male,13.0,S,57.0,"West Hoboken, New Jersey, US"
1280,,3,male,7.75,Q,21.0,"Knockmaria, Mayo, Ireland"
1281,,3,male,21.075,S,6.0,"Bjuv, Skåne, Sweden"
1282,,1,male,93.5,S,22.0,"Montreal, Quebec, Canada"
1283,,1,female,39.4,S,50.0,"Paris, France"
1284,,3,male,20.25,S,14.0,"East Providence, Rhode Island, US"
1285,,2,male,10.5,S,47.0,"Carleens, Cornwall, England"
1286,,3,male,22.025,S,29.0,"Zürich, Switzerland"
1287,,1,female,60.0,S,18.0,"Huntington, West Virginia, US"
1288,,3,male,7.25,Q,24.0,"Kilkinlea, Limerick, Ireland"
1289,,1,female,79.2,C,48.0,"Zürich, Switzerland"
1290,,3,male,7.775,S,22.0,"Lysvik, Värmland, Sweden"
1291,,3,male,7.7333,Q,31.0,"Philadelphia, Pennsylvania, US"
1292,,1,female,164.8667,S,30.0,"Youngstown, Ohio, US"
1293,,2,male,21.0,S,38.0,"Harrowbarrow, Cornwall, England, UK"
1294,,1,female,59.4,C,22.0,"New York, New York, US"
1295,,1,male,47.1,S,17.0,"Montevideo, Uruguay"
1296,,1,male,27.7208,C,43.0,"London, England, UK"
1297,,2,male,13.8625,C,20.0,"Cologne, German Empire[note 2]"
1298,,2,male,10.5,S,23.0,"Gunnislake, Cornwall, England"
1299,,1,male,211.5,C,50.0,"Philadelphia, Pennsylvania, US"
1300,,3,female,7.7208,Q,18.0,"Glenlougha, Cork, Ireland"
1301,,3,female,13.775,S,4.0,"Southampton, Hampshire, England"
1302,,3,female,7.75,Q,21.0,"Donoughmore, Ireland"
1303,,1,female,90.0,Q,37.0,"Fond du Lac, Wisconsin, US"
1304,,3,female,7.775,S,28.0,"Stockholm, Sweden"
1305,,3,male,8.05,S,23.0,"London, England"
1306,,1,female,108.9,C,39.0,"Madrid, Spain"
1307,,3,male,7.25,S,43.0,"Skaun, Sør-Trøndelag, Norway"
1308,,3,male,8.05,S,34.0,"Greenwich, London, England"
1309,,3,male,22.3583,C,4.0,"Sar'al[81], Syria"